[  589434ms] The requested module '/MFD/@react-refresh' does not provide an export named 'injectIntoGlobalHook'
[ 2258460ms] [LOG] [vite] server connection lost. Polling for restart... @ http://localhost:5173/MFD/@vite/client:963
[ 2258461ms] [ERROR] Failed to load resource: net::ERR_EMPTY_RESPONSE @ http://localhost:5173/MFD/MFD/manifest.json:0
[ 2258462ms] [ERROR] Failed to load resource: net::ERR_EMPTY_RESPONSE @ http://localhost:5173/MFD/src/main.tsx:0
[ 2258463ms] [ERROR] WebSocket connection to 'ws://localhost:5173/MFD/' failed: Error in connection establishment: net::ERR_CONNECTION_REFUSED @ http://localhost:5173/MFD/@vite/client:1034
[ 2258464ms] [ERROR] Failed to load resource: net::ERR_CONNECTION_REFUSED @ http://localhost:5173/MFD/MFD/manifest.json:0
[ 2258464ms] [WARNING] <meta name="apple-mobile-web-app-capable" content="yes"> is deprecated. Please include <meta name="mobile-web-app-capable" content="yes"> @ http://localhost:5173/MFD/:0
[ 2258466ms] [ERROR] Failed to load resource: net::ERR_CONNECTION_REFUSED @ http://localhost:5173/MFD/MFD/favicon.svg:0
[ 2259466ms] [ERROR] WebSocket connection to 'ws://localhost:5173/MFD/' failed: Error in connection establishment: net::ERR_CONNECTION_REFUSED @ http://localhost:5173/MFD/@vite/client:1034
[ 2260469ms] [ERROR] WebSocket connection to 'ws://localhost:5173/MFD/' failed: Error in connection establishment: net::ERR_CONNECTION_REFUSED @ http://localhost:5173/MFD/@vite/client:1034
[ 2261475ms] [ERROR] WebSocket connection to 'ws://localhost:5173/MFD/' failed: Error in connection establishment: net::ERR_CONNECTION_REFUSED @ http://localhost:5173/MFD/@vite/client:1034
[ 2262482ms] [ERROR] WebSocket connection to 'ws://localhost:5173/MFD/' failed: Error in connection establishment: net::ERR_CONNECTION_REFUSED @ http://localhost:5173/MFD/@vite/client:1034
[ 2263489ms] [ERROR] WebSocket connection to 'ws://localhost:5173/MFD/' failed: Error in connection establishment: net::ERR_CONNECTION_REFUSED @ http://localhost:5173/MFD/@vite/client:1034
[ 2264501ms] [ERROR] WebSocket connection to 'ws://localhost:5173/MFD/' failed: Error in connection establishment: net::ERR_CONNECTION_REFUSED @ http://localhost:5173/MFD/@vite/client:1034
[ 2265516ms] [ERROR] WebSocket connection to 'ws://localhost:5173/MFD/' failed: Error in connection establishment: net::ERR_CONNECTION_REFUSED @ http://localhost:5173/MFD/@vite/client:1034
[ 2266541ms] [ERROR] WebSocket connection to 'ws://localhost:5173/MFD/' failed: Error in connection establishment: net::ERR_CONNECTION_REFUSED @ http://localhost:5173/MFD/@vite/client:1034
[ 2267568ms] [ERROR] WebSocket connection to 'ws://localhost:5173/MFD/' failed: Error in connection establishment: net::ERR_CONNECTION_REFUSED @ http://localhost:5173/MFD/@vite/client:1034
[ 2268665ms] [ERROR] WebSocket connection to 'ws://localhost:5173/MFD/' failed: Error in connection establishment: net::ERR_CONNECTION_REFUSED @ http://localhost:5173/MFD/@vite/client:1034
[ 2269808ms] [ERROR] WebSocket connection to 'ws://localhost:5173/MFD/' failed: Error in connection establishment: net::ERR_CONNECTION_REFUSED @ http://localhost:5173/MFD/@vite/client:1034
[ 2271058ms] [ERROR] WebSocket connection to 'ws://localhost:5173/MFD/' failed: Error in connection establishment: net::ERR_CONNECTION_REFUSED @ http://localhost:5173/MFD/@vite/client:1034
[ 2272916ms] [ERROR] WebSocket connection to 'ws://localhost:5173/MFD/' failed: Error in connection establishment: net::ERR_CONNECTION_REFUSED @ http://localhost:5173/MFD/@vite/client:1034
[ 2275301ms] [ERROR] WebSocket connection to 'ws://localhost:5173/MFD/' failed: Error in connection establishment: net::ERR_CONNECTION_REFUSED @ http://localhost:5173/MFD/@vite/client:1034
[ 2278299ms] [ERROR] WebSocket connection to 'ws://localhost:5173/MFD/' failed: Error in connection establishment: net::ERR_CONNECTION_REFUSED @ http://localhost:5173/MFD/@vite/client:1034
[ 2283110ms] [ERROR] WebSocket connection to 'ws://localhost:5173/MFD/' failed: Error in connection establishment: net::ERR_CONNECTION_REFUSED @ http://localhost:5173/MFD/@vite/client:1034
[ 2285347ms] [ERROR] WebSocket connection to 'ws://localhost:5173/MFD/' failed: Error in connection establishment: net::ERR_CONNECTION_REFUSED @ http://localhost:5173/MFD/@vite/client:1034
[ 2288400ms] [ERROR] WebSocket connection to 'ws://localhost:5173/MFD/' failed: Error in connection establishment: net::ERR_CONNECTION_REFUSED @ http://localhost:5173/MFD/@vite/client:1034
[ 2291643ms] [ERROR] WebSocket connection to 'ws://localhost:5173/MFD/' failed: Error in connection establishment: net::ERR_CONNECTION_REFUSED @ http://localhost:5173/MFD/@vite/client:1034
[ 2295577ms] [ERROR] WebSocket connection to 'ws://localhost:5173/MFD/' failed: Error in connection establishment: net::ERR_CONNECTION_REFUSED @ http://localhost:5173/MFD/@vite/client:1034
[ 2300558ms] [ERROR] WebSocket connection to 'ws://localhost:5173/MFD/' failed: Error in connection establishment: net::ERR_CONNECTION_REFUSED @ http://localhost:5173/MFD/@vite/client:1034
[ 2303191ms] [ERROR] WebSocket connection to 'ws://localhost:5173/MFD/' failed: Error in connection establishment: net::ERR_CONNECTION_REFUSED @ http://localhost:5173/MFD/@vite/client:1034
[ 2305386ms] [ERROR] WebSocket connection to 'ws://localhost:5173/MFD/' failed: Error in connection establishment: net::ERR_CONNECTION_REFUSED @ http://localhost:5173/MFD/@vite/client:1034
[ 2309396ms] [ERROR] WebSocket connection to 'ws://localhost:5173/MFD/' failed: Error in connection establishment: net::ERR_CONNECTION_REFUSED @ http://localhost:5173/MFD/@vite/client:1034
[ 2312667ms] [ERROR] WebSocket connection to 'ws://localhost:5173/MFD/' failed: Error in connection establishment: net::ERR_CONNECTION_REFUSED @ http://localhost:5173/MFD/@vite/client:1034
[ 2316067ms] [ERROR] WebSocket connection to 'ws://localhost:5173/MFD/' failed: Error in connection establishment: net::ERR_CONNECTION_REFUSED @ http://localhost:5173/MFD/@vite/client:1034
[ 2321669ms] [ERROR] WebSocket connection to 'ws://localhost:5173/MFD/' failed: Error in connection establishment: net::ERR_CONNECTION_REFUSED @ http://localhost:5173/MFD/@vite/client:1034
[ 2327200ms] [ERROR] WebSocket connection to 'ws://localhost:5173/MFD/' failed: Error in connection establishment: net::ERR_CONNECTION_REFUSED @ http://localhost:5173/MFD/@vite/client:1034
[ 2332524ms] [ERROR] WebSocket connection to 'ws://localhost:5173/MFD/' failed: Error in connection establishment: net::ERR_CONNECTION_REFUSED @ http://localhost:5173/MFD/@vite/client:1034
[ 2338208ms] [ERROR] WebSocket connection to 'ws://localhost:5173/MFD/' failed: Error in connection establishment: net::ERR_CONNECTION_REFUSED @ http://localhost:5173/MFD/@vite/client:1034
[ 2342795ms] [ERROR] WebSocket connection to 'ws://localhost:5173/MFD/' failed: Error in connection establishment: net::ERR_CONNECTION_REFUSED @ http://localhost:5173/MFD/@vite/client:1034
[ 2346757ms] [ERROR] WebSocket connection to 'ws://localhost:5173/MFD/' failed: Error in connection establishment: net::ERR_CONNECTION_REFUSED @ http://localhost:5173/MFD/@vite/client:1034
[ 2351345ms] [ERROR] WebSocket connection to 'ws://localhost:5173/MFD/' failed: Error in connection establishment: net::ERR_CONNECTION_REFUSED @ http://localhost:5173/MFD/@vite/client:1034
[ 2354337ms] [ERROR] WebSocket connection to 'ws://localhost:5173/MFD/' failed: Error in connection establishment: net::ERR_CONNECTION_REFUSED @ http://localhost:5173/MFD/@vite/client:1034
[ 2360297ms] [ERROR] WebSocket connection to 'ws://localhost:5173/MFD/' failed: Error in connection establishment: net::ERR_CONNECTION_REFUSED @ http://localhost:5173/MFD/@vite/client:1034
[ 2363491ms] [ERROR] WebSocket connection to 'ws://localhost:5173/MFD/' failed: Error in connection establishment: net::ERR_CONNECTION_REFUSED @ http://localhost:5173/MFD/@vite/client:1034
[ 2367041ms] [ERROR] WebSocket connection to 'ws://localhost:5173/MFD/' failed: Error in connection establishment: net::ERR_CONNECTION_REFUSED @ http://localhost:5173/MFD/@vite/client:1034
[ 2372758ms] [ERROR] WebSocket connection to 'ws://localhost:5173/MFD/' failed: Error in connection establishment: net::ERR_CONNECTION_REFUSED @ http://localhost:5173/MFD/@vite/client:1034
[ 2376891ms] [ERROR] WebSocket connection to 'ws://localhost:5173/MFD/' failed: Error in connection establishment: net::ERR_CONNECTION_REFUSED @ http://localhost:5173/MFD/@vite/client:1034
[ 2381574ms] [ERROR] WebSocket connection to 'ws://localhost:5173/MFD/' failed: Error in connection establishment: net::ERR_CONNECTION_REFUSED @ http://localhost:5173/MFD/@vite/client:1034
[ 2387084ms] [ERROR] WebSocket connection to 'ws://localhost:5173/MFD/' failed: Error in connection establishment: net::ERR_CONNECTION_REFUSED @ http://localhost:5173/MFD/@vite/client:1034
[ 2392511ms] [ERROR] WebSocket connection to 'ws://localhost:5173/MFD/' failed: Error in connection establishment: net::ERR_CONNECTION_REFUSED @ http://localhost:5173/MFD/@vite/client:1034
[ 2394684ms] [ERROR] WebSocket connection to 'ws://localhost:5173/MFD/' failed: Error in connection establishment: net::ERR_CONNECTION_REFUSED @ http://localhost:5173/MFD/@vite/client:1034
[ 2398047ms] [ERROR] WebSocket connection to 'ws://localhost:5173/MFD/' failed: Error in connection establishment: net::ERR_CONNECTION_REFUSED @ http://localhost:5173/MFD/@vite/client:1034
[ 2402883ms] [ERROR] WebSocket connection to 'ws://localhost:5173/MFD/' failed: Error in connection establishment: net::ERR_CONNECTION_REFUSED @ http://localhost:5173/MFD/@vite/client:1034
[ 2407867ms] [ERROR] WebSocket connection to 'ws://localhost:5173/MFD/' failed: Error in connection establishment: net::ERR_CONNECTION_REFUSED @ http://localhost:5173/MFD/@vite/client:1034
[ 2413517ms] [ERROR] WebSocket connection to 'ws://localhost:5173/MFD/' failed: Error in connection establishment: net::ERR_CONNECTION_REFUSED @ http://localhost:5173/MFD/@vite/client:1034
[ 2416884ms] [ERROR] WebSocket connection to 'ws://localhost:5173/MFD/' failed: Error in connection establishment: net::ERR_CONNECTION_REFUSED @ http://localhost:5173/MFD/@vite/client:1034
[ 2419792ms] [ERROR] WebSocket connection to 'ws://localhost:5173/MFD/' failed: Error in connection establishment: net::ERR_CONNECTION_REFUSED @ http://localhost:5173/MFD/@vite/client:1034
[ 2425207ms] [ERROR] WebSocket connection to 'ws://localhost:5173/MFD/' failed: Error in connection establishment: net::ERR_CONNECTION_REFUSED @ http://localhost:5173/MFD/@vite/client:1034
[ 2428229ms] [ERROR] WebSocket connection to 'ws://localhost:5173/MFD/' failed: Error in connection establishment: net::ERR_CONNECTION_REFUSED @ http://localhost:5173/MFD/@vite/client:1034
[ 2431000ms] [ERROR] WebSocket connection to 'ws://localhost:5173/MFD/' failed: Error in connection establishment: net::ERR_CONNECTION_REFUSED @ http://localhost:5173/MFD/@vite/client:1034
[ 2433246ms] [ERROR] WebSocket connection to 'ws://localhost:5173/MFD/' failed: Error in connection establishment: net::ERR_CONNECTION_REFUSED @ http://localhost:5173/MFD/@vite/client:1034
[ 2435793ms] [ERROR] WebSocket connection to 'ws://localhost:5173/MFD/' failed: Error in connection establishment: net::ERR_CONNECTION_REFUSED @ http://localhost:5173/MFD/@vite/client:1034
[ 2439825ms] [ERROR] WebSocket connection to 'ws://localhost:5173/MFD/' failed: Error in connection establishment: net::ERR_CONNECTION_REFUSED @ http://localhost:5173/MFD/@vite/client:1034
[ 2442216ms] [ERROR] WebSocket connection to 'ws://localhost:5173/MFD/' failed: Error in connection establishment: net::ERR_CONNECTION_REFUSED @ http://localhost:5173/MFD/@vite/client:1034
[ 2446225ms] [ERROR] WebSocket connection to 'ws://localhost:5173/MFD/' failed: Error in connection establishment: net::ERR_CONNECTION_REFUSED @ http://localhost:5173/MFD/@vite/client:1034
[ 2451287ms] [ERROR] WebSocket connection to 'ws://localhost:5173/MFD/' failed: Error in connection establishment: net::ERR_CONNECTION_REFUSED @ http://localhost:5173/MFD/@vite/client:1034
[ 2456994ms] [ERROR] WebSocket connection to 'ws://localhost:5173/MFD/' failed: Error in connection establishment: net::ERR_CONNECTION_REFUSED @ http://localhost:5173/MFD/@vite/client:1034
[ 2461922ms] [ERROR] WebSocket connection to 'ws://localhost:5173/MFD/' failed: Error in connection establishment: net::ERR_CONNECTION_REFUSED @ http://localhost:5173/MFD/@vite/client:1034
[ 2465074ms] [ERROR] WebSocket connection to 'ws://localhost:5173/MFD/' failed: Error in connection establishment: net::ERR_CONNECTION_REFUSED @ http://localhost:5173/MFD/@vite/client:1034
[ 2468252ms] [ERROR] WebSocket connection to 'ws://localhost:5173/MFD/' failed: Error in connection establishment: net::ERR_CONNECTION_REFUSED @ http://localhost:5173/MFD/@vite/client:1034
[ 2471101ms] [ERROR] WebSocket connection to 'ws://localhost:5173/MFD/' failed: Error in connection establishment: net::ERR_CONNECTION_REFUSED @ http://localhost:5173/MFD/@vite/client:1034
[ 2475142ms] [ERROR] WebSocket connection to 'ws://localhost:5173/MFD/' failed: Error in connection establishment: net::ERR_CONNECTION_REFUSED @ http://localhost:5173/MFD/@vite/client:1034
[ 2477181ms] [ERROR] WebSocket connection to 'ws://localhost:5173/MFD/' failed: Error in connection establishment: net::ERR_CONNECTION_REFUSED @ http://localhost:5173/MFD/@vite/client:1034
[ 2479200ms] [ERROR] WebSocket connection to 'ws://localhost:5173/MFD/' failed: Error in connection establishment: net::ERR_CONNECTION_REFUSED @ http://localhost:5173/MFD/@vite/client:1034
[ 2481553ms] [ERROR] WebSocket connection to 'ws://localhost:5173/MFD/' failed: Error in connection establishment: net::ERR_CONNECTION_REFUSED @ http://localhost:5173/MFD/@vite/client:1034
[ 2484592ms] [ERROR] WebSocket connection to 'ws://localhost:5173/MFD/' failed: Error in connection establishment: net::ERR_CONNECTION_REFUSED @ http://localhost:5173/MFD/@vite/client:1034
[ 2489388ms] [ERROR] WebSocket connection to 'ws://localhost:5173/MFD/' failed: Error in connection establishment: net::ERR_CONNECTION_REFUSED @ http://localhost:5173/MFD/@vite/client:1034
[ 2495234ms] [ERROR] WebSocket connection to 'ws://localhost:5173/MFD/' failed: Error in connection establishment: net::ERR_CONNECTION_REFUSED @ http://localhost:5173/MFD/@vite/client:1034
[ 2499742ms] [ERROR] WebSocket connection to 'ws://localhost:5173/MFD/' failed: Error in connection establishment: net::ERR_CONNECTION_REFUSED @ http://localhost:5173/MFD/@vite/client:1034
[ 2504747ms] [ERROR] WebSocket connection to 'ws://localhost:5173/MFD/' failed: Error in connection establishment: net::ERR_CONNECTION_REFUSED @ http://localhost:5173/MFD/@vite/client:1034
[ 2507909ms] [ERROR] WebSocket connection to 'ws://localhost:5173/MFD/' failed: Error in connection establishment: net::ERR_CONNECTION_REFUSED @ http://localhost:5173/MFD/@vite/client:1034
[ 2510234ms] [ERROR] WebSocket connection to 'ws://localhost:5173/MFD/' failed: Error in connection establishment: net::ERR_CONNECTION_REFUSED @ http://localhost:5173/MFD/@vite/client:1034
[ 2513068ms] [ERROR] WebSocket connection to 'ws://localhost:5173/MFD/' failed: Error in connection establishment: net::ERR_CONNECTION_REFUSED @ http://localhost:5173/MFD/@vite/client:1034
[ 2516042ms] [ERROR] WebSocket connection to 'ws://localhost:5173/MFD/' failed: Error in connection establishment: net::ERR_CONNECTION_REFUSED @ http://localhost:5173/MFD/@vite/client:1034
[ 2519645ms] [ERROR] WebSocket connection to 'ws://localhost:5173/MFD/' failed: Error in connection establishment: net::ERR_CONNECTION_REFUSED @ http://localhost:5173/MFD/@vite/client:1034
[ 2521922ms] [ERROR] WebSocket connection to 'ws://localhost:5173/MFD/' failed: Error in connection establishment: net::ERR_CONNECTION_REFUSED @ http://localhost:5173/MFD/@vite/client:1034
[ 2527731ms] [ERROR] WebSocket connection to 'ws://localhost:5173/MFD/' failed: Error in connection establishment: net::ERR_CONNECTION_REFUSED @ http://localhost:5173/MFD/@vite/client:1034
[ 2529975ms] [ERROR] WebSocket connection to 'ws://localhost:5173/MFD/' failed: Error in connection establishment: net::ERR_CONNECTION_REFUSED @ http://localhost:5173/MFD/@vite/client:1034
[ 2535768ms] [ERROR] WebSocket connection to 'ws://localhost:5173/MFD/' failed: Error in connection establishment: net::ERR_CONNECTION_REFUSED @ http://localhost:5173/MFD/@vite/client:1034
[ 2539538ms] [ERROR] WebSocket connection to 'ws://localhost:5173/MFD/' failed: Error in connection establishment: net::ERR_CONNECTION_REFUSED @ http://localhost:5173/MFD/@vite/client:1034
[ 2542770ms] [ERROR] WebSocket connection to 'ws://localhost:5173/MFD/' failed: Error in connection establishment: net::ERR_CONNECTION_REFUSED @ http://localhost:5173/MFD/@vite/client:1034
[ 2546751ms] [ERROR] WebSocket connection to 'ws://localhost:5173/MFD/' failed: Error in connection establishment: net::ERR_CONNECTION_REFUSED @ http://localhost:5173/MFD/@vite/client:1034
[ 2551830ms] [ERROR] WebSocket connection to 'ws://localhost:5173/MFD/' failed: Error in connection establishment: net::ERR_CONNECTION_REFUSED @ http://localhost:5173/MFD/@vite/client:1034
[ 2557544ms] [ERROR] WebSocket connection to 'ws://localhost:5173/MFD/' failed: Error in connection establishment: net::ERR_CONNECTION_REFUSED @ http://localhost:5173/MFD/@vite/client:1034
[ 2560751ms] [ERROR] WebSocket connection to 'ws://localhost:5173/MFD/' failed: Error in connection establishment: net::ERR_CONNECTION_REFUSED @ http://localhost:5173/MFD/@vite/client:1034
[ 2565525ms] [ERROR] WebSocket connection to 'ws://localhost:5173/MFD/' failed: Error in connection establishment: net::ERR_CONNECTION_REFUSED @ http://localhost:5173/MFD/@vite/client:1034
[ 2567828ms] [ERROR] WebSocket connection to 'ws://localhost:5173/MFD/' failed: Error in connection establishment: net::ERR_CONNECTION_REFUSED @ http://localhost:5173/MFD/@vite/client:1034
[ 2570250ms] [ERROR] WebSocket connection to 'ws://localhost:5173/MFD/' failed: Error in connection establishment: net::ERR_CONNECTION_REFUSED @ http://localhost:5173/MFD/@vite/client:1034
[ 2573776ms] [ERROR] WebSocket connection to 'ws://localhost:5173/MFD/' failed: Error in connection establishment: net::ERR_CONNECTION_REFUSED @ http://localhost:5173/MFD/@vite/client:1034
[ 2578951ms] [ERROR] WebSocket connection to 'ws://localhost:5173/MFD/' failed: Error in connection establishment: net::ERR_CONNECTION_REFUSED @ http://localhost:5173/MFD/@vite/client:1034
[ 2581480ms] [ERROR] WebSocket connection to 'ws://localhost:5173/MFD/' failed: Error in connection establishment: net::ERR_CONNECTION_REFUSED @ http://localhost:5173/MFD/@vite/client:1034
[ 2584734ms] [ERROR] WebSocket connection to 'ws://localhost:5173/MFD/' failed: Error in connection establishment: net::ERR_CONNECTION_REFUSED @ http://localhost:5173/MFD/@vite/client:1034
[ 2587940ms] [ERROR] WebSocket connection to 'ws://localhost:5173/MFD/' failed: Error in connection establishment: net::ERR_CONNECTION_REFUSED @ http://localhost:5173/MFD/@vite/client:1034
[ 2592538ms] [ERROR] WebSocket connection to 'ws://localhost:5173/MFD/' failed: Error in connection establishment: net::ERR_CONNECTION_REFUSED @ http://localhost:5173/MFD/@vite/client:1034
[ 2596909ms] [ERROR] WebSocket connection to 'ws://localhost:5173/MFD/' failed: Error in connection establishment: net::ERR_CONNECTION_REFUSED @ http://localhost:5173/MFD/@vite/client:1034
[ 2602452ms] [ERROR] WebSocket connection to 'ws://localhost:5173/MFD/' failed: Error in connection establishment: net::ERR_CONNECTION_REFUSED @ http://localhost:5173/MFD/@vite/client:1034
[ 2608050ms] [ERROR] WebSocket connection to 'ws://localhost:5173/MFD/' failed: Error in connection establishment: net::ERR_CONNECTION_REFUSED @ http://localhost:5173/MFD/@vite/client:1034
[ 2610968ms] [ERROR] WebSocket connection to 'ws://localhost:5173/MFD/' failed: Error in connection establishment: net::ERR_CONNECTION_REFUSED @ http://localhost:5173/MFD/@vite/client:1034
[ 2616478ms] [ERROR] WebSocket connection to 'ws://localhost:5173/MFD/' failed: Error in connection establishment: net::ERR_CONNECTION_REFUSED @ http://localhost:5173/MFD/@vite/client:1034
[ 2622270ms] [ERROR] WebSocket connection to 'ws://localhost:5173/MFD/' failed: Error in connection establishment: net::ERR_CONNECTION_REFUSED @ http://localhost:5173/MFD/@vite/client:1034
[ 2625453ms] [ERROR] WebSocket connection to 'ws://localhost:5173/MFD/' failed: Error in connection establishment: net::ERR_CONNECTION_REFUSED @ http://localhost:5173/MFD/@vite/client:1034
[ 2628430ms] [ERROR] WebSocket connection to 'ws://localhost:5173/MFD/' failed: Error in connection establishment: net::ERR_CONNECTION_REFUSED @ http://localhost:5173/MFD/@vite/client:1034
[ 2634046ms] [ERROR] WebSocket connection to 'ws://localhost:5173/MFD/' failed: Error in connection establishment: net::ERR_CONNECTION_REFUSED @ http://localhost:5173/MFD/@vite/client:1034
[ 2639087ms] [ERROR] WebSocket connection to 'ws://localhost:5173/MFD/' failed: Error in connection establishment: net::ERR_CONNECTION_REFUSED @ http://localhost:5173/MFD/@vite/client:1034
[ 2643259ms] [ERROR] WebSocket connection to 'ws://localhost:5173/MFD/' failed: Error in connection establishment: net::ERR_CONNECTION_REFUSED @ http://localhost:5173/MFD/@vite/client:1034
[ 2649100ms] [ERROR] WebSocket connection to 'ws://localhost:5173/MFD/' failed: Error in connection establishment: net::ERR_CONNECTION_REFUSED @ http://localhost:5173/MFD/@vite/client:1034
[ 2653268ms] [ERROR] WebSocket connection to 'ws://localhost:5173/MFD/' failed: Error in connection establishment: net::ERR_CONNECTION_REFUSED @ http://localhost:5173/MFD/@vite/client:1034
[ 2656361ms] [ERROR] WebSocket connection to 'ws://localhost:5173/MFD/' failed: Error in connection establishment: net::ERR_CONNECTION_REFUSED @ http://localhost:5173/MFD/@vite/client:1034
[ 2659085ms] [ERROR] WebSocket connection to 'ws://localhost:5173/MFD/' failed: Error in connection establishment: net::ERR_CONNECTION_REFUSED @ http://localhost:5173/MFD/@vite/client:1034
[ 2661171ms] [ERROR] WebSocket connection to 'ws://localhost:5173/MFD/' failed: Error in connection establishment: net::ERR_CONNECTION_REFUSED @ http://localhost:5173/MFD/@vite/client:1034
[ 2666409ms] [ERROR] WebSocket connection to 'ws://localhost:5173/MFD/' failed: Error in connection establishment: net::ERR_CONNECTION_REFUSED @ http://localhost:5173/MFD/@vite/client:1034
[ 2670751ms] [ERROR] WebSocket connection to 'ws://localhost:5173/MFD/' failed: Error in connection establishment: net::ERR_CONNECTION_REFUSED @ http://localhost:5173/MFD/@vite/client:1034
[ 2673651ms] [ERROR] WebSocket connection to 'ws://localhost:5173/MFD/' failed: Error in connection establishment: net::ERR_CONNECTION_REFUSED @ http://localhost:5173/MFD/@vite/client:1034
[ 2676635ms] [ERROR] WebSocket connection to 'ws://localhost:5173/MFD/' failed: Error in connection establishment: net::ERR_CONNECTION_REFUSED @ http://localhost:5173/MFD/@vite/client:1034
[ 2679802ms] [ERROR] WebSocket connection to 'ws://localhost:5173/MFD/' failed: Error in connection establishment: net::ERR_CONNECTION_REFUSED @ http://localhost:5173/MFD/@vite/client:1034
[ 2685318ms] [ERROR] WebSocket connection to 'ws://localhost:5173/MFD/' failed: Error in connection establishment: net::ERR_CONNECTION_REFUSED @ http://localhost:5173/MFD/@vite/client:1034
[ 2690116ms] [ERROR] WebSocket connection to 'ws://localhost:5173/MFD/' failed: Error in connection establishment: net::ERR_CONNECTION_REFUSED @ http://localhost:5173/MFD/@vite/client:1034
[ 2692713ms] [ERROR] WebSocket connection to 'ws://localhost:5173/MFD/' failed: Error in connection establishment: net::ERR_CONNECTION_REFUSED @ http://localhost:5173/MFD/@vite/client:1034
[ 2695235ms] [ERROR] WebSocket connection to 'ws://localhost:5173/MFD/' failed: Error in connection establishment: net::ERR_CONNECTION_REFUSED @ http://localhost:5173/MFD/@vite/client:1034
[ 2698996ms] [ERROR] WebSocket connection to 'ws://localhost:5173/MFD/' failed: Error in connection establishment: net::ERR_CONNECTION_REFUSED @ http://localhost:5173/MFD/@vite/client:1034
[ 2703300ms] [ERROR] WebSocket connection to 'ws://localhost:5173/MFD/' failed: Error in connection establishment: net::ERR_CONNECTION_REFUSED @ http://localhost:5173/MFD/@vite/client:1034
[ 2707314ms] [ERROR] WebSocket connection to 'ws://localhost:5173/MFD/' failed: Error in connection establishment: net::ERR_CONNECTION_REFUSED @ http://localhost:5173/MFD/@vite/client:1034
[ 2710313ms] [ERROR] WebSocket connection to 'ws://localhost:5173/MFD/' failed: Error in connection establishment: net::ERR_CONNECTION_REFUSED @ http://localhost:5173/MFD/@vite/client:1034
[ 2716125ms] [ERROR] WebSocket connection to 'ws://localhost:5173/MFD/' failed: Error in connection establishment: net::ERR_CONNECTION_REFUSED @ http://localhost:5173/MFD/@vite/client:1034
[ 2720726ms] [ERROR] WebSocket connection to 'ws://localhost:5173/MFD/' failed: Error in connection establishment: net::ERR_CONNECTION_REFUSED @ http://localhost:5173/MFD/@vite/client:1034
[ 2724421ms] [ERROR] WebSocket connection to 'ws://localhost:5173/MFD/' failed: Error in connection establishment: net::ERR_CONNECTION_REFUSED @ http://localhost:5173/MFD/@vite/client:1034
[ 2728137ms] [ERROR] WebSocket connection to 'ws://localhost:5173/MFD/' failed: Error in connection establishment: net::ERR_CONNECTION_REFUSED @ http://localhost:5173/MFD/@vite/client:1034
[ 2733322ms] [ERROR] WebSocket connection to 'ws://localhost:5173/MFD/' failed: Error in connection establishment: net::ERR_CONNECTION_REFUSED @ http://localhost:5173/MFD/@vite/client:1034
[ 2735918ms] [ERROR] WebSocket connection to 'ws://localhost:5173/MFD/' failed: Error in connection establishment: net::ERR_CONNECTION_REFUSED @ http://localhost:5173/MFD/@vite/client:1034
[ 2739637ms] [ERROR] WebSocket connection to 'ws://localhost:5173/MFD/' failed: Error in connection establishment: net::ERR_CONNECTION_REFUSED @ http://localhost:5173/MFD/@vite/client:1034
[ 2744386ms] [ERROR] WebSocket connection to 'ws://localhost:5173/MFD/' failed: Error in connection establishment: net::ERR_CONNECTION_REFUSED @ http://localhost:5173/MFD/@vite/client:1034
[ 2749409ms] [ERROR] WebSocket connection to 'ws://localhost:5173/MFD/' failed: Error in connection establishment: net::ERR_CONNECTION_REFUSED @ http://localhost:5173/MFD/@vite/client:1034
[ 2754676ms] [ERROR] WebSocket connection to 'ws://localhost:5173/MFD/' failed: Error in connection establishment: net::ERR_CONNECTION_REFUSED @ http://localhost:5173/MFD/@vite/client:1034
[ 2758655ms] [ERROR] WebSocket connection to 'ws://localhost:5173/MFD/' failed: Error in connection establishment: net::ERR_CONNECTION_REFUSED @ http://localhost:5173/MFD/@vite/client:1034
[ 2762517ms] [ERROR] WebSocket connection to 'ws://localhost:5173/MFD/' failed: Error in connection establishment: net::ERR_CONNECTION_REFUSED @ http://localhost:5173/MFD/@vite/client:1034
[ 2764902ms] [ERROR] WebSocket connection to 'ws://localhost:5173/MFD/' failed: Error in connection establishment: net::ERR_CONNECTION_REFUSED @ http://localhost:5173/MFD/@vite/client:1034
[ 2768968ms] [ERROR] WebSocket connection to 'ws://localhost:5173/MFD/' failed: Error in connection establishment: net::ERR_CONNECTION_REFUSED @ http://localhost:5173/MFD/@vite/client:1034
[ 2773765ms] [ERROR] WebSocket connection to 'ws://localhost:5173/MFD/' failed: Error in connection establishment: net::ERR_CONNECTION_REFUSED @ http://localhost:5173/MFD/@vite/client:1034
[ 2776687ms] [ERROR] WebSocket connection to 'ws://localhost:5173/MFD/' failed: Error in connection establishment: net::ERR_CONNECTION_REFUSED @ http://localhost:5173/MFD/@vite/client:1034
[ 2780676ms] [ERROR] WebSocket connection to 'ws://localhost:5173/MFD/' failed: Error in connection establishment: net::ERR_CONNECTION_REFUSED @ http://localhost:5173/MFD/@vite/client:1034
[ 2785802ms] [ERROR] WebSocket connection to 'ws://localhost:5173/MFD/' failed: Error in connection establishment: net::ERR_CONNECTION_REFUSED @ http://localhost:5173/MFD/@vite/client:1034
[ 2790951ms] [ERROR] WebSocket connection to 'ws://localhost:5173/MFD/' failed: Error in connection establishment: net::ERR_CONNECTION_REFUSED @ http://localhost:5173/MFD/@vite/client:1034
[ 2795793ms] [ERROR] WebSocket connection to 'ws://localhost:5173/MFD/' failed: Error in connection establishment: net::ERR_CONNECTION_REFUSED @ http://localhost:5173/MFD/@vite/client:1034
[ 2799326ms] [ERROR] WebSocket connection to 'ws://localhost:5173/MFD/' failed: Error in connection establishment: net::ERR_CONNECTION_REFUSED @ http://localhost:5173/MFD/@vite/client:1034
[ 2801784ms] [ERROR] WebSocket connection to 'ws://localhost:5173/MFD/' failed: Error in connection establishment: net::ERR_CONNECTION_REFUSED @ http://localhost:5173/MFD/@vite/client:1034
[ 2807193ms] [ERROR] WebSocket connection to 'ws://localhost:5173/MFD/' failed: Error in connection establishment: net::ERR_CONNECTION_REFUSED @ http://localhost:5173/MFD/@vite/client:1034
[ 2809268ms] [ERROR] WebSocket connection to 'ws://localhost:5173/MFD/' failed: Error in connection establishment: net::ERR_CONNECTION_REFUSED @ http://localhost:5173/MFD/@vite/client:1034
[ 2811793ms] [ERROR] WebSocket connection to 'ws://localhost:5173/MFD/' failed: Error in connection establishment: net::ERR_CONNECTION_REFUSED @ http://localhost:5173/MFD/@vite/client:1034
[ 2817663ms] [ERROR] WebSocket connection to 'ws://localhost:5173/MFD/' failed: Error in connection establishment: net::ERR_CONNECTION_REFUSED @ http://localhost:5173/MFD/@vite/client:1034
[ 2820664ms] [ERROR] WebSocket connection to 'ws://localhost:5173/MFD/' failed: Error in connection establishment: net::ERR_CONNECTION_REFUSED @ http://localhost:5173/MFD/@vite/client:1034
[ 2826326ms] [ERROR] WebSocket connection to 'ws://localhost:5173/MFD/' failed: Error in connection establishment: net::ERR_CONNECTION_REFUSED @ http://localhost:5173/MFD/@vite/client:1034
[ 2831840ms] [ERROR] WebSocket connection to 'ws://localhost:5173/MFD/' failed: Error in connection establishment: net::ERR_CONNECTION_REFUSED @ http://localhost:5173/MFD/@vite/client:1034
[ 2835743ms] [ERROR] WebSocket connection to 'ws://localhost:5173/MFD/' failed: Error in connection establishment: net::ERR_CONNECTION_REFUSED @ http://localhost:5173/MFD/@vite/client:1034
[ 2839419ms] [ERROR] WebSocket connection to 'ws://localhost:5173/MFD/' failed: Error in connection establishment: net::ERR_CONNECTION_REFUSED @ http://localhost:5173/MFD/@vite/client:1034
[ 2843322ms] [ERROR] WebSocket connection to 'ws://localhost:5173/MFD/' failed: Error in connection establishment: net::ERR_CONNECTION_REFUSED @ http://localhost:5173/MFD/@vite/client:1034
[ 2846543ms] [ERROR] WebSocket connection to 'ws://localhost:5173/MFD/' failed: Error in connection establishment: net::ERR_CONNECTION_REFUSED @ http://localhost:5173/MFD/@vite/client:1034
[ 2852169ms] [ERROR] WebSocket connection to 'ws://localhost:5173/MFD/' failed: Error in connection establishment: net::ERR_CONNECTION_REFUSED @ http://localhost:5173/MFD/@vite/client:1034
[ 2855595ms] [ERROR] WebSocket connection to 'ws://localhost:5173/MFD/' failed: Error in connection establishment: net::ERR_CONNECTION_REFUSED @ http://localhost:5173/MFD/@vite/client:1034
[ 2858060ms] [ERROR] WebSocket connection to 'ws://localhost:5173/MFD/' failed: Error in connection establishment: net::ERR_CONNECTION_REFUSED @ http://localhost:5173/MFD/@vite/client:1034
[ 2859064ms] [ERROR] WebSocket connection to 'ws://localhost:5173/MFD/' failed: Error in connection establishment: net::ERR_CONNECTION_REFUSED @ http://localhost:5173/MFD/@vite/client:1034
[ 2860066ms] [ERROR] WebSocket connection to 'ws://localhost:5173/MFD/' failed: Error in connection establishment: net::ERR_CONNECTION_REFUSED @ http://localhost:5173/MFD/@vite/client:1034
[ 2861070ms] [ERROR] WebSocket connection to 'ws://localhost:5173/MFD/' failed: Error in connection establishment: net::ERR_CONNECTION_REFUSED @ http://localhost:5173/MFD/@vite/client:1034
[ 2862073ms] [ERROR] WebSocket connection to 'ws://localhost:5173/MFD/' failed: Error in connection establishment: net::ERR_CONNECTION_REFUSED @ http://localhost:5173/MFD/@vite/client:1034
[ 2863075ms] [ERROR] WebSocket connection to 'ws://localhost:5173/MFD/' failed: Error in connection establishment: net::ERR_CONNECTION_REFUSED @ http://localhost:5173/MFD/@vite/client:1034
[ 2864083ms] [ERROR] WebSocket connection to 'ws://localhost:5173/MFD/' failed: Error in connection establishment: net::ERR_CONNECTION_REFUSED @ http://localhost:5173/MFD/@vite/client:1034
[ 2865095ms] [ERROR] WebSocket connection to 'ws://localhost:5173/MFD/' failed: Error in connection establishment: net::ERR_CONNECTION_REFUSED @ http://localhost:5173/MFD/@vite/client:1034
[ 2866119ms] [ERROR] WebSocket connection to 'ws://localhost:5173/MFD/' failed: Error in connection establishment: net::ERR_CONNECTION_REFUSED @ http://localhost:5173/MFD/@vite/client:1034
[ 2867147ms] [ERROR] WebSocket connection to 'ws://localhost:5173/MFD/' failed: Error in connection establishment: net::ERR_CONNECTION_REFUSED @ http://localhost:5173/MFD/@vite/client:1034
[ 2868201ms] [ERROR] WebSocket connection to 'ws://localhost:5173/MFD/' failed: Error in connection establishment: net::ERR_CONNECTION_REFUSED @ http://localhost:5173/MFD/@vite/client:1034
[ 2869319ms] [ERROR] WebSocket connection to 'ws://localhost:5173/MFD/' failed: Error in connection establishment: net::ERR_CONNECTION_REFUSED @ http://localhost:5173/MFD/@vite/client:1034
[ 2870543ms] [ERROR] WebSocket connection to 'ws://localhost:5173/MFD/' failed: Error in connection establishment: net::ERR_CONNECTION_REFUSED @ http://localhost:5173/MFD/@vite/client:1034
[ 2871735ms] [ERROR] WebSocket connection to 'ws://localhost:5173/MFD/' failed: Error in connection establishment: net::ERR_CONNECTION_REFUSED @ http://localhost:5173/MFD/@vite/client:1034
[ 2873313ms] [ERROR] WebSocket connection to 'ws://localhost:5173/MFD/' failed: Error in connection establishment: net::ERR_CONNECTION_REFUSED @ http://localhost:5173/MFD/@vite/client:1034
[ 2876414ms] [ERROR] WebSocket connection to 'ws://localhost:5173/MFD/' failed: Error in connection establishment: net::ERR_CONNECTION_REFUSED @ http://localhost:5173/MFD/@vite/client:1034
[ 2881324ms] [ERROR] WebSocket connection to 'ws://localhost:5173/MFD/' failed: Error in connection establishment: net::ERR_CONNECTION_REFUSED @ http://localhost:5173/MFD/@vite/client:1034
[ 2885918ms] [ERROR] WebSocket connection to 'ws://localhost:5173/MFD/' failed: Error in connection establishment: net::ERR_CONNECTION_REFUSED @ http://localhost:5173/MFD/@vite/client:1034
[ 2888582ms] [ERROR] WebSocket connection to 'ws://localhost:5173/MFD/' failed: Error in connection establishment: net::ERR_CONNECTION_REFUSED @ http://localhost:5173/MFD/@vite/client:1034
[ 2891147ms] [ERROR] WebSocket connection to 'ws://localhost:5173/MFD/' failed: Error in connection establishment: net::ERR_CONNECTION_REFUSED @ http://localhost:5173/MFD/@vite/client:1034
[ 2895632ms] [ERROR] WebSocket connection to 'ws://localhost:5173/MFD/' failed: Error in connection establishment: net::ERR_CONNECTION_REFUSED @ http://localhost:5173/MFD/@vite/client:1034
[ 2899952ms] [ERROR] WebSocket connection to 'ws://localhost:5173/MFD/' failed: Error in connection establishment: net::ERR_CONNECTION_REFUSED @ http://localhost:5173/MFD/@vite/client:1034
[ 2905126ms] [ERROR] WebSocket connection to 'ws://localhost:5173/MFD/' failed: Error in connection establishment: net::ERR_CONNECTION_REFUSED @ http://localhost:5173/MFD/@vite/client:1034
[ 2908976ms] [ERROR] WebSocket connection to 'ws://localhost:5173/MFD/' failed: Error in connection establishment: net::ERR_CONNECTION_REFUSED @ http://localhost:5173/MFD/@vite/client:1034
[ 2911698ms] [ERROR] WebSocket connection to 'ws://localhost:5173/MFD/' failed: Error in connection establishment: net::ERR_CONNECTION_REFUSED @ http://localhost:5173/MFD/@vite/client:1034
[ 2915010ms] [ERROR] WebSocket connection to 'ws://localhost:5173/MFD/' failed: Error in connection establishment: net::ERR_CONNECTION_REFUSED @ http://localhost:5173/MFD/@vite/client:1034
[ 2918519ms] [ERROR] WebSocket connection to 'ws://localhost:5173/MFD/' failed: Error in connection establishment: net::ERR_CONNECTION_REFUSED @ http://localhost:5173/MFD/@vite/client:1034
[ 2922959ms] [ERROR] WebSocket connection to 'ws://localhost:5173/MFD/' failed: Error in connection establishment: net::ERR_CONNECTION_REFUSED @ http://localhost:5173/MFD/@vite/client:1034
[ 2926360ms] [ERROR] WebSocket connection to 'ws://localhost:5173/MFD/' failed: Error in connection establishment: net::ERR_CONNECTION_REFUSED @ http://localhost:5173/MFD/@vite/client:1034
[ 2931081ms] [ERROR] WebSocket connection to 'ws://localhost:5173/MFD/' failed: Error in connection establishment: net::ERR_CONNECTION_REFUSED @ http://localhost:5173/MFD/@vite/client:1034
[ 2936587ms] [ERROR] WebSocket connection to 'ws://localhost:5173/MFD/' failed: Error in connection establishment: net::ERR_CONNECTION_REFUSED @ http://localhost:5173/MFD/@vite/client:1034
[ 2940486ms] [ERROR] WebSocket connection to 'ws://localhost:5173/MFD/' failed: Error in connection establishment: net::ERR_CONNECTION_REFUSED @ http://localhost:5173/MFD/@vite/client:1034
[ 2946077ms] [ERROR] WebSocket connection to 'ws://localhost:5173/MFD/' failed: Error in connection establishment: net::ERR_CONNECTION_REFUSED @ http://localhost:5173/MFD/@vite/client:1034
[ 2948998ms] [ERROR] WebSocket connection to 'ws://localhost:5173/MFD/' failed: Error in connection establishment: net::ERR_CONNECTION_REFUSED @ http://localhost:5173/MFD/@vite/client:1034
[ 2952646ms] [ERROR] WebSocket connection to 'ws://localhost:5173/MFD/' failed: Error in connection establishment: net::ERR_CONNECTION_REFUSED @ http://localhost:5173/MFD/@vite/client:1034
[ 2956012ms] [ERROR] WebSocket connection to 'ws://localhost:5173/MFD/' failed: Error in connection establishment: net::ERR_CONNECTION_REFUSED @ http://localhost:5173/MFD/@vite/client:1034
[ 2961660ms] [ERROR] WebSocket connection to 'ws://localhost:5173/MFD/' failed: Error in connection establishment: net::ERR_CONNECTION_REFUSED @ http://localhost:5173/MFD/@vite/client:1034
[ 2963767ms] [ERROR] WebSocket connection to 'ws://localhost:5173/MFD/' failed: Error in connection establishment: net::ERR_CONNECTION_REFUSED @ http://localhost:5173/MFD/@vite/client:1034
[ 2967526ms] [ERROR] WebSocket connection to 'ws://localhost:5173/MFD/' failed: Error in connection establishment: net::ERR_CONNECTION_REFUSED @ http://localhost:5173/MFD/@vite/client:1034
[ 2969983ms] [ERROR] WebSocket connection to 'ws://localhost:5173/MFD/' failed: Error in connection establishment: net::ERR_CONNECTION_REFUSED @ http://localhost:5173/MFD/@vite/client:1034
[ 2974235ms] [ERROR] WebSocket connection to 'ws://localhost:5173/MFD/' failed: Error in connection establishment: net::ERR_CONNECTION_REFUSED @ http://localhost:5173/MFD/@vite/client:1034
[ 2978001ms] [ERROR] WebSocket connection to 'ws://localhost:5173/MFD/' failed: Error in connection establishment: net::ERR_CONNECTION_REFUSED @ http://localhost:5173/MFD/@vite/client:1034
[ 2983360ms] [ERROR] WebSocket connection to 'ws://localhost:5173/MFD/' failed: Error in connection establishment: net::ERR_CONNECTION_REFUSED @ http://localhost:5173/MFD/@vite/client:1034
[ 2988477ms] [ERROR] WebSocket connection to 'ws://localhost:5173/MFD/' failed: Error in connection establishment: net::ERR_CONNECTION_REFUSED @ http://localhost:5173/MFD/@vite/client:1034
[ 2994146ms] [ERROR] WebSocket connection to 'ws://localhost:5173/MFD/' failed: Error in connection establishment: net::ERR_CONNECTION_REFUSED @ http://localhost:5173/MFD/@vite/client:1034
[ 2999169ms] [ERROR] WebSocket connection to 'ws://localhost:5173/MFD/' failed: Error in connection establishment: net::ERR_CONNECTION_REFUSED @ http://localhost:5173/MFD/@vite/client:1034
[ 3001213ms] [ERROR] WebSocket connection to 'ws://localhost:5173/MFD/' failed: Error in connection establishment: net::ERR_CONNECTION_REFUSED @ http://localhost:5173/MFD/@vite/client:1034
[ 3004722ms] [ERROR] WebSocket connection to 'ws://localhost:5173/MFD/' failed: Error in connection establishment: net::ERR_CONNECTION_REFUSED @ http://localhost:5173/MFD/@vite/client:1034
[ 3009377ms] [ERROR] WebSocket connection to 'ws://localhost:5173/MFD/' failed: Error in connection establishment: net::ERR_CONNECTION_REFUSED @ http://localhost:5173/MFD/@vite/client:1034
[ 3013369ms] [ERROR] WebSocket connection to 'ws://localhost:5173/MFD/' failed: Error in connection establishment: net::ERR_CONNECTION_REFUSED @ http://localhost:5173/MFD/@vite/client:1034
[ 3016722ms] [ERROR] WebSocket connection to 'ws://localhost:5173/MFD/' failed: Error in connection establishment: net::ERR_CONNECTION_REFUSED @ http://localhost:5173/MFD/@vite/client:1034
[ 3018871ms] [ERROR] WebSocket connection to 'ws://localhost:5173/MFD/' failed: Error in connection establishment: net::ERR_CONNECTION_REFUSED @ http://localhost:5173/MFD/@vite/client:1034
[ 3024247ms] [ERROR] WebSocket connection to 'ws://localhost:5173/MFD/' failed: Error in connection establishment: net::ERR_CONNECTION_REFUSED @ http://localhost:5173/MFD/@vite/client:1034
[ 3026398ms] [ERROR] WebSocket connection to 'ws://localhost:5173/MFD/' failed: Error in connection establishment: net::ERR_CONNECTION_REFUSED @ http://localhost:5173/MFD/@vite/client:1034
[ 3029603ms] [ERROR] WebSocket connection to 'ws://localhost:5173/MFD/' failed: Error in connection establishment: net::ERR_CONNECTION_REFUSED @ http://localhost:5173/MFD/@vite/client:1034
[ 3032419ms] [ERROR] WebSocket connection to 'ws://localhost:5173/MFD/' failed: Error in connection establishment: net::ERR_CONNECTION_REFUSED @ http://localhost:5173/MFD/@vite/client:1034
[ 3035431ms] [ERROR] WebSocket connection to 'ws://localhost:5173/MFD/' failed: Error in connection establishment: net::ERR_CONNECTION_REFUSED @ http://localhost:5173/MFD/@vite/client:1034
[ 3041219ms] [ERROR] WebSocket connection to 'ws://localhost:5173/MFD/' failed: Error in connection establishment: net::ERR_CONNECTION_REFUSED @ http://localhost:5173/MFD/@vite/client:1034
[ 3045894ms] [ERROR] WebSocket connection to 'ws://localhost:5173/MFD/' failed: Error in connection establishment: net::ERR_CONNECTION_REFUSED @ http://localhost:5173/MFD/@vite/client:1034
[ 3050235ms] [ERROR] WebSocket connection to 'ws://localhost:5173/MFD/' failed: Error in connection establishment: net::ERR_CONNECTION_REFUSED @ http://localhost:5173/MFD/@vite/client:1034
[ 3055210ms] [ERROR] WebSocket connection to 'ws://localhost:5173/MFD/' failed: Error in connection establishment: net::ERR_CONNECTION_REFUSED @ http://localhost:5173/MFD/@vite/client:1034
[ 3057969ms] [ERROR] WebSocket connection to 'ws://localhost:5173/MFD/' failed: Error in connection establishment: net::ERR_CONNECTION_REFUSED @ http://localhost:5173/MFD/@vite/client:1034
[ 3060686ms] [ERROR] WebSocket connection to 'ws://localhost:5173/MFD/' failed: Error in connection establishment: net::ERR_CONNECTION_REFUSED @ http://localhost:5173/MFD/@vite/client:1034
[ 3063118ms] [ERROR] WebSocket connection to 'ws://localhost:5173/MFD/' failed: Error in connection establishment: net::ERR_CONNECTION_REFUSED @ http://localhost:5173/MFD/@vite/client:1034
[ 3066933ms] [ERROR] WebSocket connection to 'ws://localhost:5173/MFD/' failed: Error in connection establishment: net::ERR_CONNECTION_REFUSED @ http://localhost:5173/MFD/@vite/client:1034
[ 3072936ms] [ERROR] WebSocket connection to 'ws://localhost:5173/MFD/' failed: Error in connection establishment: net::ERR_CONNECTION_REFUSED @ http://localhost:5173/MFD/@vite/client:1034
[ 3078348ms] [ERROR] WebSocket connection to 'ws://localhost:5173/MFD/' failed: Error in connection establishment: net::ERR_CONNECTION_REFUSED @ http://localhost:5173/MFD/@vite/client:1034
[ 3082052ms] [ERROR] WebSocket connection to 'ws://localhost:5173/MFD/' failed: Error in connection establishment: net::ERR_CONNECTION_REFUSED @ http://localhost:5173/MFD/@vite/client:1034
[ 3085969ms] [ERROR] WebSocket connection to 'ws://localhost:5173/MFD/' failed: Error in connection establishment: net::ERR_CONNECTION_REFUSED @ http://localhost:5173/MFD/@vite/client:1034
[ 3091005ms] [ERROR] WebSocket connection to 'ws://localhost:5173/MFD/' failed: Error in connection establishment: net::ERR_CONNECTION_REFUSED @ http://localhost:5173/MFD/@vite/client:1034
[ 3094360ms] [ERROR] WebSocket connection to 'ws://localhost:5173/MFD/' failed: Error in connection establishment: net::ERR_CONNECTION_REFUSED @ http://localhost:5173/MFD/@vite/client:1034
[ 3099703ms] [ERROR] WebSocket connection to 'ws://localhost:5173/MFD/' failed: Error in connection establishment: net::ERR_CONNECTION_REFUSED @ http://localhost:5173/MFD/@vite/client:1034
[ 3103523ms] [ERROR] WebSocket connection to 'ws://localhost:5173/MFD/' failed: Error in connection establishment: net::ERR_CONNECTION_REFUSED @ http://localhost:5173/MFD/@vite/client:1034
[ 3106264ms] [ERROR] WebSocket connection to 'ws://localhost:5173/MFD/' failed: Error in connection establishment: net::ERR_CONNECTION_REFUSED @ http://localhost:5173/MFD/@vite/client:1034
[ 3112162ms] [ERROR] WebSocket connection to 'ws://localhost:5173/MFD/' failed: Error in connection establishment: net::ERR_CONNECTION_REFUSED @ http://localhost:5173/MFD/@vite/client:1034
[ 3116033ms] [ERROR] WebSocket connection to 'ws://localhost:5173/MFD/' failed: Error in connection establishment: net::ERR_CONNECTION_REFUSED @ http://localhost:5173/MFD/@vite/client:1034
[ 3119744ms] [ERROR] WebSocket connection to 'ws://localhost:5173/MFD/' failed: Error in connection establishment: net::ERR_CONNECTION_REFUSED @ http://localhost:5173/MFD/@vite/client:1034
[ 3123236ms] [ERROR] WebSocket connection to 'ws://localhost:5173/MFD/' failed: Error in connection establishment: net::ERR_CONNECTION_REFUSED @ http://localhost:5173/MFD/@vite/client:1034
[ 3126455ms] [ERROR] WebSocket connection to 'ws://localhost:5173/MFD/' failed: Error in connection establishment: net::ERR_CONNECTION_REFUSED @ http://localhost:5173/MFD/@vite/client:1034
[ 3130758ms] [ERROR] WebSocket connection to 'ws://localhost:5173/MFD/' failed: Error in connection establishment: net::ERR_CONNECTION_REFUSED @ http://localhost:5173/MFD/@vite/client:1034
[ 3133044ms] [ERROR] WebSocket connection to 'ws://localhost:5173/MFD/' failed: Error in connection establishment: net::ERR_CONNECTION_REFUSED @ http://localhost:5173/MFD/@vite/client:1034
[ 3137374ms] [ERROR] WebSocket connection to 'ws://localhost:5173/MFD/' failed: Error in connection establishment: net::ERR_CONNECTION_REFUSED @ http://localhost:5173/MFD/@vite/client:1034
[ 3142844ms] [ERROR] WebSocket connection to 'ws://localhost:5173/MFD/' failed: Error in connection establishment: net::ERR_CONNECTION_REFUSED @ http://localhost:5173/MFD/@vite/client:1034
[ 3148436ms] [ERROR] WebSocket connection to 'ws://localhost:5173/MFD/' failed: Error in connection establishment: net::ERR_CONNECTION_REFUSED @ http://localhost:5173/MFD/@vite/client:1034
[ 3152553ms] [ERROR] WebSocket connection to 'ws://localhost:5173/MFD/' failed: Error in connection establishment: net::ERR_CONNECTION_REFUSED @ http://localhost:5173/MFD/@vite/client:1034
[ 3156739ms] [ERROR] WebSocket connection to 'ws://localhost:5173/MFD/' failed: Error in connection establishment: net::ERR_CONNECTION_REFUSED @ http://localhost:5173/MFD/@vite/client:1034
[ 3160686ms] [ERROR] WebSocket connection to 'ws://localhost:5173/MFD/' failed: Error in connection establishment: net::ERR_CONNECTION_REFUSED @ http://localhost:5173/MFD/@vite/client:1034
[ 3165952ms] [ERROR] WebSocket connection to 'ws://localhost:5173/MFD/' failed: Error in connection establishment: net::ERR_CONNECTION_REFUSED @ http://localhost:5173/MFD/@vite/client:1034
[ 3171107ms] [ERROR] WebSocket connection to 'ws://localhost:5173/MFD/' failed: Error in connection establishment: net::ERR_CONNECTION_REFUSED @ http://localhost:5173/MFD/@vite/client:1034
[ 3173747ms] [ERROR] WebSocket connection to 'ws://localhost:5173/MFD/' failed: Error in connection establishment: net::ERR_CONNECTION_REFUSED @ http://localhost:5173/MFD/@vite/client:1034
[ 3178256ms] [ERROR] WebSocket connection to 'ws://localhost:5173/MFD/' failed: Error in connection establishment: net::ERR_CONNECTION_REFUSED @ http://localhost:5173/MFD/@vite/client:1034
[ 3180306ms] [ERROR] WebSocket connection to 'ws://localhost:5173/MFD/' failed: Error in connection establishment: net::ERR_CONNECTION_REFUSED @ http://localhost:5173/MFD/@vite/client:1034
[ 3185260ms] [ERROR] WebSocket connection to 'ws://localhost:5173/MFD/' failed: Error in connection establishment: net::ERR_CONNECTION_REFUSED @ http://localhost:5173/MFD/@vite/client:1034
[ 3187971ms] [ERROR] WebSocket connection to 'ws://localhost:5173/MFD/' failed: Error in connection establishment: net::ERR_CONNECTION_REFUSED @ http://localhost:5173/MFD/@vite/client:1034
[ 3193394ms] [ERROR] WebSocket connection to 'ws://localhost:5173/MFD/' failed: Error in connection establishment: net::ERR_CONNECTION_REFUSED @ http://localhost:5173/MFD/@vite/client:1034
[ 3195561ms] [ERROR] WebSocket connection to 'ws://localhost:5173/MFD/' failed: Error in connection establishment: net::ERR_CONNECTION_REFUSED @ http://localhost:5173/MFD/@vite/client:1034
[ 3200473ms] [ERROR] WebSocket connection to 'ws://localhost:5173/MFD/' failed: Error in connection establishment: net::ERR_CONNECTION_REFUSED @ http://localhost:5173/MFD/@vite/client:1034
[ 3204278ms] [ERROR] WebSocket connection to 'ws://localhost:5173/MFD/' failed: Error in connection establishment: net::ERR_CONNECTION_REFUSED @ http://localhost:5173/MFD/@vite/client:1034
[ 3209423ms] [ERROR] WebSocket connection to 'ws://localhost:5173/MFD/' failed: Error in connection establishment: net::ERR_CONNECTION_REFUSED @ http://localhost:5173/MFD/@vite/client:1034
[ 3214137ms] [ERROR] WebSocket connection to 'ws://localhost:5173/MFD/' failed: Error in connection establishment: net::ERR_CONNECTION_REFUSED @ http://localhost:5173/MFD/@vite/client:1034
[ 3218970ms] [ERROR] WebSocket connection to 'ws://localhost:5173/MFD/' failed: Error in connection establishment: net::ERR_CONNECTION_REFUSED @ http://localhost:5173/MFD/@vite/client:1034
[ 3219973ms] [ERROR] WebSocket connection to 'ws://localhost:5173/MFD/' failed: Error in connection establishment: net::ERR_CONNECTION_REFUSED @ http://localhost:5173/MFD/@vite/client:1034
[ 3220978ms] [ERROR] WebSocket connection to 'ws://localhost:5173/MFD/' failed: Error in connection establishment: net::ERR_CONNECTION_REFUSED @ http://localhost:5173/MFD/@vite/client:1034
[ 3221982ms] [ERROR] WebSocket connection to 'ws://localhost:5173/MFD/' failed: Error in connection establishment: net::ERR_CONNECTION_REFUSED @ http://localhost:5173/MFD/@vite/client:1034
[ 3222985ms] [ERROR] WebSocket connection to 'ws://localhost:5173/MFD/' failed: Error in connection establishment: net::ERR_CONNECTION_REFUSED @ http://localhost:5173/MFD/@vite/client:1034
[ 3223989ms] [ERROR] WebSocket connection to 'ws://localhost:5173/MFD/' failed: Error in connection establishment: net::ERR_CONNECTION_REFUSED @ http://localhost:5173/MFD/@vite/client:1034
[ 3224992ms] [ERROR] WebSocket connection to 'ws://localhost:5173/MFD/' failed: Error in connection establishment: net::ERR_CONNECTION_REFUSED @ http://localhost:5173/MFD/@vite/client:1034
[ 3226006ms] [ERROR] WebSocket connection to 'ws://localhost:5173/MFD/' failed: Error in connection establishment: net::ERR_CONNECTION_REFUSED @ http://localhost:5173/MFD/@vite/client:1034
[ 3227016ms] [ERROR] WebSocket connection to 'ws://localhost:5173/MFD/' failed: Error in connection establishment: net::ERR_CONNECTION_REFUSED @ http://localhost:5173/MFD/@vite/client:1034
[ 3228061ms] [ERROR] WebSocket connection to 'ws://localhost:5173/MFD/' failed: Error in connection establishment: net::ERR_CONNECTION_REFUSED @ http://localhost:5173/MFD/@vite/client:1034
[ 3229092ms] [ERROR] WebSocket connection to 'ws://localhost:5173/MFD/' failed: Error in connection establishment: net::ERR_CONNECTION_REFUSED @ http://localhost:5173/MFD/@vite/client:1034
[ 3230203ms] [ERROR] WebSocket connection to 'ws://localhost:5173/MFD/' failed: Error in connection establishment: net::ERR_CONNECTION_REFUSED @ http://localhost:5173/MFD/@vite/client:1034
[ 3231330ms] [ERROR] WebSocket connection to 'ws://localhost:5173/MFD/' failed: Error in connection establishment: net::ERR_CONNECTION_REFUSED @ http://localhost:5173/MFD/@vite/client:1034
[ 3232711ms] [ERROR] WebSocket connection to 'ws://localhost:5173/MFD/' failed: Error in connection establishment: net::ERR_CONNECTION_REFUSED @ http://localhost:5173/MFD/@vite/client:1034
[ 3234199ms] [ERROR] WebSocket connection to 'ws://localhost:5173/MFD/' failed: Error in connection establishment: net::ERR_CONNECTION_REFUSED @ http://localhost:5173/MFD/@vite/client:1034
[ 3236072ms] [ERROR] WebSocket connection to 'ws://localhost:5173/MFD/' failed: Error in connection establishment: net::ERR_CONNECTION_REFUSED @ http://localhost:5173/MFD/@vite/client:1034
[ 3238953ms] [ERROR] WebSocket connection to 'ws://localhost:5173/MFD/' failed: Error in connection establishment: net::ERR_CONNECTION_REFUSED @ http://localhost:5173/MFD/@vite/client:1034
[ 3242378ms] [ERROR] WebSocket connection to 'ws://localhost:5173/MFD/' failed: Error in connection establishment: net::ERR_CONNECTION_REFUSED @ http://localhost:5173/MFD/@vite/client:1034
[ 3245955ms] [ERROR] WebSocket connection to 'ws://localhost:5173/MFD/' failed: Error in connection establishment: net::ERR_CONNECTION_REFUSED @ http://localhost:5173/MFD/@vite/client:1034
[ 3247971ms] [ERROR] WebSocket connection to 'ws://localhost:5173/MFD/' failed: Error in connection establishment: net::ERR_CONNECTION_REFUSED @ http://localhost:5173/MFD/@vite/client:1034
[ 3253695ms] [ERROR] WebSocket connection to 'ws://localhost:5173/MFD/' failed: Error in connection establishment: net::ERR_CONNECTION_REFUSED @ http://localhost:5173/MFD/@vite/client:1034
[ 3259230ms] [ERROR] WebSocket connection to 'ws://localhost:5173/MFD/' failed: Error in connection establishment: net::ERR_CONNECTION_REFUSED @ http://localhost:5173/MFD/@vite/client:1034
[ 3263428ms] [ERROR] WebSocket connection to 'ws://localhost:5173/MFD/' failed: Error in connection establishment: net::ERR_CONNECTION_REFUSED @ http://localhost:5173/MFD/@vite/client:1034
[ 3267966ms] [ERROR] WebSocket connection to 'ws://localhost:5173/MFD/' failed: Error in connection establishment: net::ERR_CONNECTION_REFUSED @ http://localhost:5173/MFD/@vite/client:1034
[ 3273628ms] [ERROR] WebSocket connection to 'ws://localhost:5173/MFD/' failed: Error in connection establishment: net::ERR_CONNECTION_REFUSED @ http://localhost:5173/MFD/@vite/client:1034
[ 3276441ms] [ERROR] WebSocket connection to 'ws://localhost:5173/MFD/' failed: Error in connection establishment: net::ERR_CONNECTION_REFUSED @ http://localhost:5173/MFD/@vite/client:1034
[ 3279348ms] [ERROR] WebSocket connection to 'ws://localhost:5173/MFD/' failed: Error in connection establishment: net::ERR_CONNECTION_REFUSED @ http://localhost:5173/MFD/@vite/client:1034
[ 3285361ms] [ERROR] WebSocket connection to 'ws://localhost:5173/MFD/' failed: Error in connection establishment: net::ERR_CONNECTION_REFUSED @ http://localhost:5173/MFD/@vite/client:1034
[ 3288245ms] [ERROR] WebSocket connection to 'ws://localhost:5173/MFD/' failed: Error in connection establishment: net::ERR_CONNECTION_REFUSED @ http://localhost:5173/MFD/@vite/client:1034
[ 3292178ms] [ERROR] WebSocket connection to 'ws://localhost:5173/MFD/' failed: Error in connection establishment: net::ERR_CONNECTION_REFUSED @ http://localhost:5173/MFD/@vite/client:1034
[ 3296090ms] [ERROR] WebSocket connection to 'ws://localhost:5173/MFD/' failed: Error in connection establishment: net::ERR_CONNECTION_REFUSED @ http://localhost:5173/MFD/@vite/client:1034
[ 3298673ms] [ERROR] WebSocket connection to 'ws://localhost:5173/MFD/' failed: Error in connection establishment: net::ERR_CONNECTION_REFUSED @ http://localhost:5173/MFD/@vite/client:1034
[ 3301128ms] [ERROR] WebSocket connection to 'ws://localhost:5173/MFD/' failed: Error in connection establishment: net::ERR_CONNECTION_REFUSED @ http://localhost:5173/MFD/@vite/client:1034
[ 3303634ms] [ERROR] WebSocket connection to 'ws://localhost:5173/MFD/' failed: Error in connection establishment: net::ERR_CONNECTION_REFUSED @ http://localhost:5173/MFD/@vite/client:1034
[ 3307167ms] [ERROR] WebSocket connection to 'ws://localhost:5173/MFD/' failed: Error in connection establishment: net::ERR_CONNECTION_REFUSED @ http://localhost:5173/MFD/@vite/client:1034
[ 3311165ms] [ERROR] WebSocket connection to 'ws://localhost:5173/MFD/' failed: Error in connection establishment: net::ERR_CONNECTION_REFUSED @ http://localhost:5173/MFD/@vite/client:1034
[ 3316597ms] [ERROR] WebSocket connection to 'ws://localhost:5173/MFD/' failed: Error in connection establishment: net::ERR_CONNECTION_REFUSED @ http://localhost:5173/MFD/@vite/client:1034
[ 3320111ms] [ERROR] WebSocket connection to 'ws://localhost:5173/MFD/' failed: Error in connection establishment: net::ERR_CONNECTION_REFUSED @ http://localhost:5173/MFD/@vite/client:1034
[ 3323037ms] [ERROR] WebSocket connection to 'ws://localhost:5173/MFD/' failed: Error in connection establishment: net::ERR_CONNECTION_REFUSED @ http://localhost:5173/MFD/@vite/client:1034
[ 3326122ms] [ERROR] WebSocket connection to 'ws://localhost:5173/MFD/' failed: Error in connection establishment: net::ERR_CONNECTION_REFUSED @ http://localhost:5173/MFD/@vite/client:1034
[ 3329111ms] [ERROR] WebSocket connection to 'ws://localhost:5173/MFD/' failed: Error in connection establishment: net::ERR_CONNECTION_REFUSED @ http://localhost:5173/MFD/@vite/client:1034
[ 3333530ms] [ERROR] WebSocket connection to 'ws://localhost:5173/MFD/' failed: Error in connection establishment: net::ERR_CONNECTION_REFUSED @ http://localhost:5173/MFD/@vite/client:1034
[ 3337215ms] [ERROR] WebSocket connection to 'ws://localhost:5173/MFD/' failed: Error in connection establishment: net::ERR_CONNECTION_REFUSED @ http://localhost:5173/MFD/@vite/client:1034
[ 3340404ms] [ERROR] WebSocket connection to 'ws://localhost:5173/MFD/' failed: Error in connection establishment: net::ERR_CONNECTION_REFUSED @ http://localhost:5173/MFD/@vite/client:1034
[ 3345941ms] [ERROR] WebSocket connection to 'ws://localhost:5173/MFD/' failed: Error in connection establishment: net::ERR_CONNECTION_REFUSED @ http://localhost:5173/MFD/@vite/client:1034
[ 3348795ms] [ERROR] WebSocket connection to 'ws://localhost:5173/MFD/' failed: Error in connection establishment: net::ERR_CONNECTION_REFUSED @ http://localhost:5173/MFD/@vite/client:1034
[ 3352212ms] [ERROR] WebSocket connection to 'ws://localhost:5173/MFD/' failed: Error in connection establishment: net::ERR_CONNECTION_REFUSED @ http://localhost:5173/MFD/@vite/client:1034
[ 3357221ms] [ERROR] WebSocket connection to 'ws://localhost:5173/MFD/' failed: Error in connection establishment: net::ERR_CONNECTION_REFUSED @ http://localhost:5173/MFD/@vite/client:1034
[ 3361456ms] [ERROR] WebSocket connection to 'ws://localhost:5173/MFD/' failed: Error in connection establishment: net::ERR_CONNECTION_REFUSED @ http://localhost:5173/MFD/@vite/client:1034
[ 3366320ms] [ERROR] WebSocket connection to 'ws://localhost:5173/MFD/' failed: Error in connection establishment: net::ERR_CONNECTION_REFUSED @ http://localhost:5173/MFD/@vite/client:1034
[ 3368479ms] [ERROR] WebSocket connection to 'ws://localhost:5173/MFD/' failed: Error in connection establishment: net::ERR_CONNECTION_REFUSED @ http://localhost:5173/MFD/@vite/client:1034
[ 3374394ms] [ERROR] WebSocket connection to 'ws://localhost:5173/MFD/' failed: Error in connection establishment: net::ERR_CONNECTION_REFUSED @ http://localhost:5173/MFD/@vite/client:1034
[ 3379862ms] [ERROR] WebSocket connection to 'ws://localhost:5173/MFD/' failed: Error in connection establishment: net::ERR_CONNECTION_REFUSED @ http://localhost:5173/MFD/@vite/client:1034
[ 3384420ms] [ERROR] WebSocket connection to 'ws://localhost:5173/MFD/' failed: Error in connection establishment: net::ERR_CONNECTION_REFUSED @ http://localhost:5173/MFD/@vite/client:1034
[ 3386661ms] [ERROR] WebSocket connection to 'ws://localhost:5173/MFD/' failed: Error in connection establishment: net::ERR_CONNECTION_REFUSED @ http://localhost:5173/MFD/@vite/client:1034
[ 3392304ms] [ERROR] WebSocket connection to 'ws://localhost:5173/MFD/' failed: Error in connection establishment: net::ERR_CONNECTION_REFUSED @ http://localhost:5173/MFD/@vite/client:1034
[ 3396875ms] [ERROR] WebSocket connection to 'ws://localhost:5173/MFD/' failed: Error in connection establishment: net::ERR_CONNECTION_REFUSED @ http://localhost:5173/MFD/@vite/client:1034
[ 3402729ms] [ERROR] WebSocket connection to 'ws://localhost:5173/MFD/' failed: Error in connection establishment: net::ERR_CONNECTION_REFUSED @ http://localhost:5173/MFD/@vite/client:1034
[ 3405137ms] [ERROR] WebSocket connection to 'ws://localhost:5173/MFD/' failed: Error in connection establishment: net::ERR_CONNECTION_REFUSED @ http://localhost:5173/MFD/@vite/client:1034
[ 3408061ms] [ERROR] WebSocket connection to 'ws://localhost:5173/MFD/' failed: Error in connection establishment: net::ERR_CONNECTION_REFUSED @ http://localhost:5173/MFD/@vite/client:1034
[ 3411695ms] [ERROR] WebSocket connection to 'ws://localhost:5173/MFD/' failed: Error in connection establishment: net::ERR_CONNECTION_REFUSED @ http://localhost:5173/MFD/@vite/client:1034
[ 3415462ms] [ERROR] WebSocket connection to 'ws://localhost:5173/MFD/' failed: Error in connection establishment: net::ERR_CONNECTION_REFUSED @ http://localhost:5173/MFD/@vite/client:1034
[ 3420133ms] [ERROR] WebSocket connection to 'ws://localhost:5173/MFD/' failed: Error in connection establishment: net::ERR_CONNECTION_REFUSED @ http://localhost:5173/MFD/@vite/client:1034
[ 3423600ms] [ERROR] WebSocket connection to 'ws://localhost:5173/MFD/' failed: Error in connection establishment: net::ERR_CONNECTION_REFUSED @ http://localhost:5173/MFD/@vite/client:1034
[ 3427561ms] [ERROR] WebSocket connection to 'ws://localhost:5173/MFD/' failed: Error in connection establishment: net::ERR_CONNECTION_REFUSED @ http://localhost:5173/MFD/@vite/client:1034
[ 3430048ms] [ERROR] WebSocket connection to 'ws://localhost:5173/MFD/' failed: Error in connection establishment: net::ERR_CONNECTION_REFUSED @ http://localhost:5173/MFD/@vite/client:1034
[ 3432195ms] [ERROR] WebSocket connection to 'ws://localhost:5173/MFD/' failed: Error in connection establishment: net::ERR_CONNECTION_REFUSED @ http://localhost:5173/MFD/@vite/client:1034
[ 3436137ms] [ERROR] WebSocket connection to 'ws://localhost:5173/MFD/' failed: Error in connection establishment: net::ERR_CONNECTION_REFUSED @ http://localhost:5173/MFD/@vite/client:1034
[ 3441013ms] [ERROR] WebSocket connection to 'ws://localhost:5173/MFD/' failed: Error in connection establishment: net::ERR_CONNECTION_REFUSED @ http://localhost:5173/MFD/@vite/client:1034
[ 3445547ms] [ERROR] WebSocket connection to 'ws://localhost:5173/MFD/' failed: Error in connection establishment: net::ERR_CONNECTION_REFUSED @ http://localhost:5173/MFD/@vite/client:1034
[ 3448779ms] [ERROR] WebSocket connection to 'ws://localhost:5173/MFD/' failed: Error in connection establishment: net::ERR_CONNECTION_REFUSED @ http://localhost:5173/MFD/@vite/client:1034
[ 3453337ms] [ERROR] WebSocket connection to 'ws://localhost:5173/MFD/' failed: Error in connection establishment: net::ERR_CONNECTION_REFUSED @ http://localhost:5173/MFD/@vite/client:1034
[ 3459121ms] [ERROR] WebSocket connection to 'ws://localhost:5173/MFD/' failed: Error in connection establishment: net::ERR_CONNECTION_REFUSED @ http://localhost:5173/MFD/@vite/client:1034
[ 3460125ms] [ERROR] WebSocket connection to 'ws://localhost:5173/MFD/' failed: Error in connection establishment: net::ERR_CONNECTION_REFUSED @ http://localhost:5173/MFD/@vite/client:1034
[ 3461130ms] [ERROR] WebSocket connection to 'ws://localhost:5173/MFD/' failed: Error in connection establishment: net::ERR_CONNECTION_REFUSED @ http://localhost:5173/MFD/@vite/client:1034
[ 3462133ms] [ERROR] WebSocket connection to 'ws://localhost:5173/MFD/' failed: Error in connection establishment: net::ERR_CONNECTION_REFUSED @ http://localhost:5173/MFD/@vite/client:1034
[ 3463138ms] [ERROR] WebSocket connection to 'ws://localhost:5173/MFD/' failed: Error in connection establishment: net::ERR_CONNECTION_REFUSED @ http://localhost:5173/MFD/@vite/client:1034
[ 3464143ms] [ERROR] WebSocket connection to 'ws://localhost:5173/MFD/' failed: Error in connection establishment: net::ERR_CONNECTION_REFUSED @ http://localhost:5173/MFD/@vite/client:1034
[ 3465151ms] [ERROR] WebSocket connection to 'ws://localhost:5173/MFD/' failed: Error in connection establishment: net::ERR_CONNECTION_REFUSED @ http://localhost:5173/MFD/@vite/client:1034
[ 3466162ms] [ERROR] WebSocket connection to 'ws://localhost:5173/MFD/' failed: Error in connection establishment: net::ERR_CONNECTION_REFUSED @ http://localhost:5173/MFD/@vite/client:1034
[ 3467185ms] [ERROR] WebSocket connection to 'ws://localhost:5173/MFD/' failed: Error in connection establishment: net::ERR_CONNECTION_REFUSED @ http://localhost:5173/MFD/@vite/client:1034
[ 3468228ms] [ERROR] WebSocket connection to 'ws://localhost:5173/MFD/' failed: Error in connection establishment: net::ERR_CONNECTION_REFUSED @ http://localhost:5173/MFD/@vite/client:1034
[ 3469285ms] [ERROR] WebSocket connection to 'ws://localhost:5173/MFD/' failed: Error in connection establishment: net::ERR_CONNECTION_REFUSED @ http://localhost:5173/MFD/@vite/client:1034
[ 3470345ms] [ERROR] WebSocket connection to 'ws://localhost:5173/MFD/' failed: Error in connection establishment: net::ERR_CONNECTION_REFUSED @ http://localhost:5173/MFD/@vite/client:1034
[ 3471511ms] [ERROR] WebSocket connection to 'ws://localhost:5173/MFD/' failed: Error in connection establishment: net::ERR_CONNECTION_REFUSED @ http://localhost:5173/MFD/@vite/client:1034
[ 3472958ms] [ERROR] WebSocket connection to 'ws://localhost:5173/MFD/' failed: Error in connection establishment: net::ERR_CONNECTION_REFUSED @ http://localhost:5173/MFD/@vite/client:1034
[ 3474737ms] [ERROR] WebSocket connection to 'ws://localhost:5173/MFD/' failed: Error in connection establishment: net::ERR_CONNECTION_REFUSED @ http://localhost:5173/MFD/@vite/client:1034
[ 3476864ms] [ERROR] WebSocket connection to 'ws://localhost:5173/MFD/' failed: Error in connection establishment: net::ERR_CONNECTION_REFUSED @ http://localhost:5173/MFD/@vite/client:1034
[ 3481379ms] [ERROR] WebSocket connection to 'ws://localhost:5173/MFD/' failed: Error in connection establishment: net::ERR_CONNECTION_REFUSED @ http://localhost:5173/MFD/@vite/client:1034
[ 3485723ms] [ERROR] WebSocket connection to 'ws://localhost:5173/MFD/' failed: Error in connection establishment: net::ERR_CONNECTION_REFUSED @ http://localhost:5173/MFD/@vite/client:1034
[ 3491162ms] [ERROR] WebSocket connection to 'ws://localhost:5173/MFD/' failed: Error in connection establishment: net::ERR_CONNECTION_REFUSED @ http://localhost:5173/MFD/@vite/client:1034
[ 3495486ms] [ERROR] WebSocket connection to 'ws://localhost:5173/MFD/' failed: Error in connection establishment: net::ERR_CONNECTION_REFUSED @ http://localhost:5173/MFD/@vite/client:1034
[ 3501488ms] [ERROR] WebSocket connection to 'ws://localhost:5173/MFD/' failed: Error in connection establishment: net::ERR_CONNECTION_REFUSED @ http://localhost:5173/MFD/@vite/client:1034
[ 3505154ms] [ERROR] WebSocket connection to 'ws://localhost:5173/MFD/' failed: Error in connection establishment: net::ERR_CONNECTION_REFUSED @ http://localhost:5173/MFD/@vite/client:1034
[ 3510235ms] [ERROR] WebSocket connection to 'ws://localhost:5173/MFD/' failed: Error in connection establishment: net::ERR_CONNECTION_REFUSED @ http://localhost:5173/MFD/@vite/client:1034
[ 3515548ms] [ERROR] WebSocket connection to 'ws://localhost:5173/MFD/' failed: Error in connection establishment: net::ERR_CONNECTION_REFUSED @ http://localhost:5173/MFD/@vite/client:1034
[ 3520512ms] [ERROR] WebSocket connection to 'ws://localhost:5173/MFD/' failed: Error in connection establishment: net::ERR_CONNECTION_REFUSED @ http://localhost:5173/MFD/@vite/client:1034
[ 3524129ms] [ERROR] WebSocket connection to 'ws://localhost:5173/MFD/' failed: Error in connection establishment: net::ERR_CONNECTION_REFUSED @ http://localhost:5173/MFD/@vite/client:1034
[ 3529187ms] [ERROR] WebSocket connection to 'ws://localhost:5173/MFD/' failed: Error in connection establishment: net::ERR_CONNECTION_REFUSED @ http://localhost:5173/MFD/@vite/client:1034
[ 3531581ms] [ERROR] WebSocket connection to 'ws://localhost:5173/MFD/' failed: Error in connection establishment: net::ERR_CONNECTION_REFUSED @ http://localhost:5173/MFD/@vite/client:1034
[ 3537558ms] [ERROR] WebSocket connection to 'ws://localhost:5173/MFD/' failed: Error in connection establishment: net::ERR_CONNECTION_REFUSED @ http://localhost:5173/MFD/@vite/client:1034
[ 3542838ms] [ERROR] WebSocket connection to 'ws://localhost:5173/MFD/' failed: Error in connection establishment: net::ERR_CONNECTION_REFUSED @ http://localhost:5173/MFD/@vite/client:1034
[ 3545254ms] [ERROR] WebSocket connection to 'ws://localhost:5173/MFD/' failed: Error in connection establishment: net::ERR_CONNECTION_REFUSED @ http://localhost:5173/MFD/@vite/client:1034
[ 3547521ms] [ERROR] WebSocket connection to 'ws://localhost:5173/MFD/' failed: Error in connection establishment: net::ERR_CONNECTION_REFUSED @ http://localhost:5173/MFD/@vite/client:1034
[ 3552404ms] [ERROR] WebSocket connection to 'ws://localhost:5173/MFD/' failed: Error in connection establishment: net::ERR_CONNECTION_REFUSED @ http://localhost:5173/MFD/@vite/client:1034
[ 3558066ms] [ERROR] WebSocket connection to 'ws://localhost:5173/MFD/' failed: Error in connection establishment: net::ERR_CONNECTION_REFUSED @ http://localhost:5173/MFD/@vite/client:1034
[ 3563638ms] [ERROR] WebSocket connection to 'ws://localhost:5173/MFD/' failed: Error in connection establishment: net::ERR_CONNECTION_REFUSED @ http://localhost:5173/MFD/@vite/client:1034
[ 3567954ms] [ERROR] WebSocket connection to 'ws://localhost:5173/MFD/' failed: Error in connection establishment: net::ERR_CONNECTION_REFUSED @ http://localhost:5173/MFD/@vite/client:1034
[ 3570881ms] [ERROR] WebSocket connection to 'ws://localhost:5173/MFD/' failed: Error in connection establishment: net::ERR_CONNECTION_REFUSED @ http://localhost:5173/MFD/@vite/client:1034
[ 3575954ms] [ERROR] WebSocket connection to 'ws://localhost:5173/MFD/' failed: Error in connection establishment: net::ERR_CONNECTION_REFUSED @ http://localhost:5173/MFD/@vite/client:1034
[ 3581054ms] [ERROR] WebSocket connection to 'ws://localhost:5173/MFD/' failed: Error in connection establishment: net::ERR_CONNECTION_REFUSED @ http://localhost:5173/MFD/@vite/client:1034
[ 3586413ms] [ERROR] WebSocket connection to 'ws://localhost:5173/MFD/' failed: Error in connection establishment: net::ERR_CONNECTION_REFUSED @ http://localhost:5173/MFD/@vite/client:1034
[ 3590249ms] [ERROR] WebSocket connection to 'ws://localhost:5173/MFD/' failed: Error in connection establishment: net::ERR_CONNECTION_REFUSED @ http://localhost:5173/MFD/@vite/client:1034
[ 3594616ms] [ERROR] WebSocket connection to 'ws://localhost:5173/MFD/' failed: Error in connection establishment: net::ERR_CONNECTION_REFUSED @ http://localhost:5173/MFD/@vite/client:1034
[ 3598156ms] [ERROR] WebSocket connection to 'ws://localhost:5173/MFD/' failed: Error in connection establishment: net::ERR_CONNECTION_REFUSED @ http://localhost:5173/MFD/@vite/client:1034
[ 3603271ms] [ERROR] WebSocket connection to 'ws://localhost:5173/MFD/' failed: Error in connection establishment: net::ERR_CONNECTION_REFUSED @ http://localhost:5173/MFD/@vite/client:1034
[ 3606229ms] [ERROR] WebSocket connection to 'ws://localhost:5173/MFD/' failed: Error in connection establishment: net::ERR_CONNECTION_REFUSED @ http://localhost:5173/MFD/@vite/client:1034
[ 3609015ms] [ERROR] WebSocket connection to 'ws://localhost:5173/MFD/' failed: Error in connection establishment: net::ERR_CONNECTION_REFUSED @ http://localhost:5173/MFD/@vite/client:1034
[ 3612460ms] [ERROR] WebSocket connection to 'ws://localhost:5173/MFD/' failed: Error in connection establishment: net::ERR_CONNECTION_REFUSED @ http://localhost:5173/MFD/@vite/client:1034
[ 3617479ms] [ERROR] WebSocket connection to 'ws://localhost:5173/MFD/' failed: Error in connection establishment: net::ERR_CONNECTION_REFUSED @ http://localhost:5173/MFD/@vite/client:1034
[ 3619771ms] [ERROR] WebSocket connection to 'ws://localhost:5173/MFD/' failed: Error in connection establishment: net::ERR_CONNECTION_REFUSED @ http://localhost:5173/MFD/@vite/client:1034
[ 3624916ms] [ERROR] WebSocket connection to 'ws://localhost:5173/MFD/' failed: Error in connection establishment: net::ERR_CONNECTION_REFUSED @ http://localhost:5173/MFD/@vite/client:1034
[ 3626971ms] [ERROR] WebSocket connection to 'ws://localhost:5173/MFD/' failed: Error in connection establishment: net::ERR_CONNECTION_REFUSED @ http://localhost:5173/MFD/@vite/client:1034
[ 3629581ms] [ERROR] WebSocket connection to 'ws://localhost:5173/MFD/' failed: Error in connection establishment: net::ERR_CONNECTION_REFUSED @ http://localhost:5173/MFD/@vite/client:1034
[ 3634948ms] [ERROR] WebSocket connection to 'ws://localhost:5173/MFD/' failed: Error in connection establishment: net::ERR_CONNECTION_REFUSED @ http://localhost:5173/MFD/@vite/client:1034
[ 3640780ms] [ERROR] WebSocket connection to 'ws://localhost:5173/MFD/' failed: Error in connection establishment: net::ERR_CONNECTION_REFUSED @ http://localhost:5173/MFD/@vite/client:1034
[ 3644058ms] [ERROR] WebSocket connection to 'ws://localhost:5173/MFD/' failed: Error in connection establishment: net::ERR_CONNECTION_REFUSED @ http://localhost:5173/MFD/@vite/client:1034
[ 3649101ms] [ERROR] WebSocket connection to 'ws://localhost:5173/MFD/' failed: Error in connection establishment: net::ERR_CONNECTION_REFUSED @ http://localhost:5173/MFD/@vite/client:1034
[ 3652781ms] [ERROR] WebSocket connection to 'ws://localhost:5173/MFD/' failed: Error in connection establishment: net::ERR_CONNECTION_REFUSED @ http://localhost:5173/MFD/@vite/client:1034
[ 3656529ms] [ERROR] WebSocket connection to 'ws://localhost:5173/MFD/' failed: Error in connection establishment: net::ERR_CONNECTION_REFUSED @ http://localhost:5173/MFD/@vite/client:1034
[ 3660463ms] [ERROR] WebSocket connection to 'ws://localhost:5173/MFD/' failed: Error in connection establishment: net::ERR_CONNECTION_REFUSED @ http://localhost:5173/MFD/@vite/client:1034
[ 3665698ms] [ERROR] WebSocket connection to 'ws://localhost:5173/MFD/' failed: Error in connection establishment: net::ERR_CONNECTION_REFUSED @ http://localhost:5173/MFD/@vite/client:1034
[ 3670346ms] [ERROR] WebSocket connection to 'ws://localhost:5173/MFD/' failed: Error in connection establishment: net::ERR_CONNECTION_REFUSED @ http://localhost:5173/MFD/@vite/client:1034
[ 3675035ms] [ERROR] WebSocket connection to 'ws://localhost:5173/MFD/' failed: Error in connection establishment: net::ERR_CONNECTION_REFUSED @ http://localhost:5173/MFD/@vite/client:1034
[ 3678888ms] [ERROR] WebSocket connection to 'ws://localhost:5173/MFD/' failed: Error in connection establishment: net::ERR_CONNECTION_REFUSED @ http://localhost:5173/MFD/@vite/client:1034
[ 3683949ms] [ERROR] WebSocket connection to 'ws://localhost:5173/MFD/' failed: Error in connection establishment: net::ERR_CONNECTION_REFUSED @ http://localhost:5173/MFD/@vite/client:1034
[ 3687335ms] [ERROR] WebSocket connection to 'ws://localhost:5173/MFD/' failed: Error in connection establishment: net::ERR_CONNECTION_REFUSED @ http://localhost:5173/MFD/@vite/client:1034
[ 3692592ms] [ERROR] WebSocket connection to 'ws://localhost:5173/MFD/' failed: Error in connection establishment: net::ERR_CONNECTION_REFUSED @ http://localhost:5173/MFD/@vite/client:1034
[ 3697507ms] [ERROR] WebSocket connection to 'ws://localhost:5173/MFD/' failed: Error in connection establishment: net::ERR_CONNECTION_REFUSED @ http://localhost:5173/MFD/@vite/client:1034
[ 3703446ms] [ERROR] WebSocket connection to 'ws://localhost:5173/MFD/' failed: Error in connection establishment: net::ERR_CONNECTION_REFUSED @ http://localhost:5173/MFD/@vite/client:1034
[ 3706671ms] [ERROR] WebSocket connection to 'ws://localhost:5173/MFD/' failed: Error in connection establishment: net::ERR_CONNECTION_REFUSED @ http://localhost:5173/MFD/@vite/client:1034
[ 3710916ms] [ERROR] WebSocket connection to 'ws://localhost:5173/MFD/' failed: Error in connection establishment: net::ERR_CONNECTION_REFUSED @ http://localhost:5173/MFD/@vite/client:1034
[ 3713496ms] [ERROR] WebSocket connection to 'ws://localhost:5173/MFD/' failed: Error in connection establishment: net::ERR_CONNECTION_REFUSED @ http://localhost:5173/MFD/@vite/client:1034
[ 3717445ms] [ERROR] WebSocket connection to 'ws://localhost:5173/MFD/' failed: Error in connection establishment: net::ERR_CONNECTION_REFUSED @ http://localhost:5173/MFD/@vite/client:1034
[ 3722845ms] [ERROR] WebSocket connection to 'ws://localhost:5173/MFD/' failed: Error in connection establishment: net::ERR_CONNECTION_REFUSED @ http://localhost:5173/MFD/@vite/client:1034
[ 3724903ms] [ERROR] WebSocket connection to 'ws://localhost:5173/MFD/' failed: Error in connection establishment: net::ERR_CONNECTION_REFUSED @ http://localhost:5173/MFD/@vite/client:1034
[ 3730530ms] [ERROR] WebSocket connection to 'ws://localhost:5173/MFD/' failed: Error in connection establishment: net::ERR_CONNECTION_REFUSED @ http://localhost:5173/MFD/@vite/client:1034
[ 3732573ms] [ERROR] WebSocket connection to 'ws://localhost:5173/MFD/' failed: Error in connection establishment: net::ERR_CONNECTION_REFUSED @ http://localhost:5173/MFD/@vite/client:1034
[ 3735051ms] [ERROR] WebSocket connection to 'ws://localhost:5173/MFD/' failed: Error in connection establishment: net::ERR_CONNECTION_REFUSED @ http://localhost:5173/MFD/@vite/client:1034
[ 3739211ms] [ERROR] WebSocket connection to 'ws://localhost:5173/MFD/' failed: Error in connection establishment: net::ERR_CONNECTION_REFUSED @ http://localhost:5173/MFD/@vite/client:1034
[ 3742702ms] [ERROR] WebSocket connection to 'ws://localhost:5173/MFD/' failed: Error in connection establishment: net::ERR_CONNECTION_REFUSED @ http://localhost:5173/MFD/@vite/client:1034
[ 3747118ms] [ERROR] WebSocket connection to 'ws://localhost:5173/MFD/' failed: Error in connection establishment: net::ERR_CONNECTION_REFUSED @ http://localhost:5173/MFD/@vite/client:1034
[ 3749411ms] [ERROR] WebSocket connection to 'ws://localhost:5173/MFD/' failed: Error in connection establishment: net::ERR_CONNECTION_REFUSED @ http://localhost:5173/MFD/@vite/client:1034
[ 3751620ms] [ERROR] WebSocket connection to 'ws://localhost:5173/MFD/' failed: Error in connection establishment: net::ERR_CONNECTION_REFUSED @ http://localhost:5173/MFD/@vite/client:1034
[ 3754625ms] [ERROR] WebSocket connection to 'ws://localhost:5173/MFD/' failed: Error in connection establishment: net::ERR_CONNECTION_REFUSED @ http://localhost:5173/MFD/@vite/client:1034
[ 3756735ms] [ERROR] WebSocket connection to 'ws://localhost:5173/MFD/' failed: Error in connection establishment: net::ERR_CONNECTION_REFUSED @ http://localhost:5173/MFD/@vite/client:1034
[ 3761685ms] [ERROR] WebSocket connection to 'ws://localhost:5173/MFD/' failed: Error in connection establishment: net::ERR_CONNECTION_REFUSED @ http://localhost:5173/MFD/@vite/client:1034
[ 3766545ms] [ERROR] WebSocket connection to 'ws://localhost:5173/MFD/' failed: Error in connection establishment: net::ERR_CONNECTION_REFUSED @ http://localhost:5173/MFD/@vite/client:1034
[ 3769716ms] [ERROR] WebSocket connection to 'ws://localhost:5173/MFD/' failed: Error in connection establishment: net::ERR_CONNECTION_REFUSED @ http://localhost:5173/MFD/@vite/client:1034
[ 3772796ms] [ERROR] WebSocket connection to 'ws://localhost:5173/MFD/' failed: Error in connection establishment: net::ERR_CONNECTION_REFUSED @ http://localhost:5173/MFD/@vite/client:1034
[ 3775579ms] [ERROR] WebSocket connection to 'ws://localhost:5173/MFD/' failed: Error in connection establishment: net::ERR_CONNECTION_REFUSED @ http://localhost:5173/MFD/@vite/client:1034
[ 3779526ms] [ERROR] WebSocket connection to 'ws://localhost:5173/MFD/' failed: Error in connection establishment: net::ERR_CONNECTION_REFUSED @ http://localhost:5173/MFD/@vite/client:1034
[ 3782155ms] [ERROR] WebSocket connection to 'ws://localhost:5173/MFD/' failed: Error in connection establishment: net::ERR_CONNECTION_REFUSED @ http://localhost:5173/MFD/@vite/client:1034
[ 3787034ms] [ERROR] WebSocket connection to 'ws://localhost:5173/MFD/' failed: Error in connection establishment: net::ERR_CONNECTION_REFUSED @ http://localhost:5173/MFD/@vite/client:1034
[ 3789318ms] [ERROR] WebSocket connection to 'ws://localhost:5173/MFD/' failed: Error in connection establishment: net::ERR_CONNECTION_REFUSED @ http://localhost:5173/MFD/@vite/client:1034
[ 3794513ms] [ERROR] WebSocket connection to 'ws://localhost:5173/MFD/' failed: Error in connection establishment: net::ERR_CONNECTION_REFUSED @ http://localhost:5173/MFD/@vite/client:1034
[ 3799701ms] [ERROR] WebSocket connection to 'ws://localhost:5173/MFD/' failed: Error in connection establishment: net::ERR_CONNECTION_REFUSED @ http://localhost:5173/MFD/@vite/client:1034
[ 3801884ms] [ERROR] WebSocket connection to 'ws://localhost:5173/MFD/' failed: Error in connection establishment: net::ERR_CONNECTION_REFUSED @ http://localhost:5173/MFD/@vite/client:1034
[ 3805460ms] [ERROR] WebSocket connection to 'ws://localhost:5173/MFD/' failed: Error in connection establishment: net::ERR_CONNECTION_REFUSED @ http://localhost:5173/MFD/@vite/client:1034
[ 3811410ms] [ERROR] WebSocket connection to 'ws://localhost:5173/MFD/' failed: Error in connection establishment: net::ERR_CONNECTION_REFUSED @ http://localhost:5173/MFD/@vite/client:1034
[ 3814401ms] [ERROR] WebSocket connection to 'ws://localhost:5173/MFD/' failed: Error in connection establishment: net::ERR_CONNECTION_REFUSED @ http://localhost:5173/MFD/@vite/client:1034
[ 3816593ms] [ERROR] WebSocket connection to 'ws://localhost:5173/MFD/' failed: Error in connection establishment: net::ERR_CONNECTION_REFUSED @ http://localhost:5173/MFD/@vite/client:1034
[ 3819125ms] [ERROR] WebSocket connection to 'ws://localhost:5173/MFD/' failed: Error in connection establishment: net::ERR_CONNECTION_REFUSED @ http://localhost:5173/MFD/@vite/client:1034
[ 3820129ms] [ERROR] WebSocket connection to 'ws://localhost:5173/MFD/' failed: Error in connection establishment: net::ERR_CONNECTION_REFUSED @ http://localhost:5173/MFD/@vite/client:1034
[ 3821131ms] [ERROR] WebSocket connection to 'ws://localhost:5173/MFD/' failed: Error in connection establishment: net::ERR_CONNECTION_REFUSED @ http://localhost:5173/MFD/@vite/client:1034
[ 3822136ms] [ERROR] WebSocket connection to 'ws://localhost:5173/MFD/' failed: Error in connection establishment: net::ERR_CONNECTION_REFUSED @ http://localhost:5173/MFD/@vite/client:1034
[ 3823140ms] [ERROR] WebSocket connection to 'ws://localhost:5173/MFD/' failed: Error in connection establishment: net::ERR_CONNECTION_REFUSED @ http://localhost:5173/MFD/@vite/client:1034
[ 3824145ms] [ERROR] WebSocket connection to 'ws://localhost:5173/MFD/' failed: Error in connection establishment: net::ERR_CONNECTION_REFUSED @ http://localhost:5173/MFD/@vite/client:1034
[ 3825153ms] [ERROR] WebSocket connection to 'ws://localhost:5173/MFD/' failed: Error in connection establishment: net::ERR_CONNECTION_REFUSED @ http://localhost:5173/MFD/@vite/client:1034
[ 3826161ms] [ERROR] WebSocket connection to 'ws://localhost:5173/MFD/' failed: Error in connection establishment: net::ERR_CONNECTION_REFUSED @ http://localhost:5173/MFD/@vite/client:1034
[ 3827179ms] [ERROR] WebSocket connection to 'ws://localhost:5173/MFD/' failed: Error in connection establishment: net::ERR_CONNECTION_REFUSED @ http://localhost:5173/MFD/@vite/client:1034
[ 3828209ms] [ERROR] WebSocket connection to 'ws://localhost:5173/MFD/' failed: Error in connection establishment: net::ERR_CONNECTION_REFUSED @ http://localhost:5173/MFD/@vite/client:1034
[ 3829242ms] [ERROR] WebSocket connection to 'ws://localhost:5173/MFD/' failed: Error in connection establishment: net::ERR_CONNECTION_REFUSED @ http://localhost:5173/MFD/@vite/client:1034
[ 3830353ms] [ERROR] WebSocket connection to 'ws://localhost:5173/MFD/' failed: Error in connection establishment: net::ERR_CONNECTION_REFUSED @ http://localhost:5173/MFD/@vite/client:1034
[ 3831504ms] [ERROR] WebSocket connection to 'ws://localhost:5173/MFD/' failed: Error in connection establishment: net::ERR_CONNECTION_REFUSED @ http://localhost:5173/MFD/@vite/client:1034
[ 3832767ms] [ERROR] WebSocket connection to 'ws://localhost:5173/MFD/' failed: Error in connection establishment: net::ERR_CONNECTION_REFUSED @ http://localhost:5173/MFD/@vite/client:1034
[ 3834342ms] [ERROR] WebSocket connection to 'ws://localhost:5173/MFD/' failed: Error in connection establishment: net::ERR_CONNECTION_REFUSED @ http://localhost:5173/MFD/@vite/client:1034
[ 3836868ms] [ERROR] WebSocket connection to 'ws://localhost:5173/MFD/' failed: Error in connection establishment: net::ERR_CONNECTION_REFUSED @ http://localhost:5173/MFD/@vite/client:1034
[ 3842860ms] [ERROR] WebSocket connection to 'ws://localhost:5173/MFD/' failed: Error in connection establishment: net::ERR_CONNECTION_REFUSED @ http://localhost:5173/MFD/@vite/client:1034
[ 3847521ms] [ERROR] WebSocket connection to 'ws://localhost:5173/MFD/' failed: Error in connection establishment: net::ERR_CONNECTION_REFUSED @ http://localhost:5173/MFD/@vite/client:1034
[ 3852309ms] [ERROR] WebSocket connection to 'ws://localhost:5173/MFD/' failed: Error in connection establishment: net::ERR_CONNECTION_REFUSED @ http://localhost:5173/MFD/@vite/client:1034
[ 3854667ms] [ERROR] WebSocket connection to 'ws://localhost:5173/MFD/' failed: Error in connection establishment: net::ERR_CONNECTION_REFUSED @ http://localhost:5173/MFD/@vite/client:1034
[ 3857273ms] [ERROR] WebSocket connection to 'ws://localhost:5173/MFD/' failed: Error in connection establishment: net::ERR_CONNECTION_REFUSED @ http://localhost:5173/MFD/@vite/client:1034
[ 3859822ms] [ERROR] WebSocket connection to 'ws://localhost:5173/MFD/' failed: Error in connection establishment: net::ERR_CONNECTION_REFUSED @ http://localhost:5173/MFD/@vite/client:1034
[ 3861909ms] [ERROR] WebSocket connection to 'ws://localhost:5173/MFD/' failed: Error in connection establishment: net::ERR_CONNECTION_REFUSED @ http://localhost:5173/MFD/@vite/client:1034
[ 3865078ms] [ERROR] WebSocket connection to 'ws://localhost:5173/MFD/' failed: Error in connection establishment: net::ERR_CONNECTION_REFUSED @ http://localhost:5173/MFD/@vite/client:1034
[ 3870892ms] [ERROR] WebSocket connection to 'ws://localhost:5173/MFD/' failed: Error in connection establishment: net::ERR_CONNECTION_REFUSED @ http://localhost:5173/MFD/@vite/client:1034
[ 3874205ms] [ERROR] WebSocket connection to 'ws://localhost:5173/MFD/' failed: Error in connection establishment: net::ERR_CONNECTION_REFUSED @ http://localhost:5173/MFD/@vite/client:1034
[ 3878284ms] [ERROR] WebSocket connection to 'ws://localhost:5173/MFD/' failed: Error in connection establishment: net::ERR_CONNECTION_REFUSED @ http://localhost:5173/MFD/@vite/client:1034
[ 3881371ms] [ERROR] WebSocket connection to 'ws://localhost:5173/MFD/' failed: Error in connection establishment: net::ERR_CONNECTION_REFUSED @ http://localhost:5173/MFD/@vite/client:1034
[ 3884411ms] [ERROR] WebSocket connection to 'ws://localhost:5173/MFD/' failed: Error in connection establishment: net::ERR_CONNECTION_REFUSED @ http://localhost:5173/MFD/@vite/client:1034
[ 3888209ms] [ERROR] WebSocket connection to 'ws://localhost:5173/MFD/' failed: Error in connection establishment: net::ERR_CONNECTION_REFUSED @ http://localhost:5173/MFD/@vite/client:1034
[ 3891713ms] [ERROR] WebSocket connection to 'ws://localhost:5173/MFD/' failed: Error in connection establishment: net::ERR_CONNECTION_REFUSED @ http://localhost:5173/MFD/@vite/client:1034
[ 3894209ms] [ERROR] WebSocket connection to 'ws://localhost:5173/MFD/' failed: Error in connection establishment: net::ERR_CONNECTION_REFUSED @ http://localhost:5173/MFD/@vite/client:1034
[ 3896459ms] [ERROR] WebSocket connection to 'ws://localhost:5173/MFD/' failed: Error in connection establishment: net::ERR_CONNECTION_REFUSED @ http://localhost:5173/MFD/@vite/client:1034
[ 3901683ms] [ERROR] WebSocket connection to 'ws://localhost:5173/MFD/' failed: Error in connection establishment: net::ERR_CONNECTION_REFUSED @ http://localhost:5173/MFD/@vite/client:1034
[ 3904666ms] [ERROR] WebSocket connection to 'ws://localhost:5173/MFD/' failed: Error in connection establishment: net::ERR_CONNECTION_REFUSED @ http://localhost:5173/MFD/@vite/client:1034
[ 3909817ms] [ERROR] WebSocket connection to 'ws://localhost:5173/MFD/' failed: Error in connection establishment: net::ERR_CONNECTION_REFUSED @ http://localhost:5173/MFD/@vite/client:1034
[ 3915025ms] [ERROR] WebSocket connection to 'ws://localhost:5173/MFD/' failed: Error in connection establishment: net::ERR_CONNECTION_REFUSED @ http://localhost:5173/MFD/@vite/client:1034
[ 3920192ms] [ERROR] WebSocket connection to 'ws://localhost:5173/MFD/' failed: Error in connection establishment: net::ERR_CONNECTION_REFUSED @ http://localhost:5173/MFD/@vite/client:1034
[ 3925003ms] [ERROR] WebSocket connection to 'ws://localhost:5173/MFD/' failed: Error in connection establishment: net::ERR_CONNECTION_REFUSED @ http://localhost:5173/MFD/@vite/client:1034
[ 3929078ms] [ERROR] WebSocket connection to 'ws://localhost:5173/MFD/' failed: Error in connection establishment: net::ERR_CONNECTION_REFUSED @ http://localhost:5173/MFD/@vite/client:1034
[ 3931382ms] [ERROR] WebSocket connection to 'ws://localhost:5173/MFD/' failed: Error in connection establishment: net::ERR_CONNECTION_REFUSED @ http://localhost:5173/MFD/@vite/client:1034
[ 3936966ms] [ERROR] WebSocket connection to 'ws://localhost:5173/MFD/' failed: Error in connection establishment: net::ERR_CONNECTION_REFUSED @ http://localhost:5173/MFD/@vite/client:1034
[ 3939992ms] [ERROR] WebSocket connection to 'ws://localhost:5173/MFD/' failed: Error in connection establishment: net::ERR_CONNECTION_REFUSED @ http://localhost:5173/MFD/@vite/client:1034
[ 3940995ms] [ERROR] WebSocket connection to 'ws://localhost:5173/MFD/' failed: Error in connection establishment: net::ERR_CONNECTION_REFUSED @ http://localhost:5173/MFD/@vite/client:1034
[ 3941999ms] [ERROR] WebSocket connection to 'ws://localhost:5173/MFD/' failed: Error in connection establishment: net::ERR_CONNECTION_REFUSED @ http://localhost:5173/MFD/@vite/client:1034
[ 3943003ms] [ERROR] WebSocket connection to 'ws://localhost:5173/MFD/' failed: Error in connection establishment: net::ERR_CONNECTION_REFUSED @ http://localhost:5173/MFD/@vite/client:1034
[ 3944007ms] [ERROR] WebSocket connection to 'ws://localhost:5173/MFD/' failed: Error in connection establishment: net::ERR_CONNECTION_REFUSED @ http://localhost:5173/MFD/@vite/client:1034
[ 3945012ms] [ERROR] WebSocket connection to 'ws://localhost:5173/MFD/' failed: Error in connection establishment: net::ERR_CONNECTION_REFUSED @ http://localhost:5173/MFD/@vite/client:1034
[ 3946020ms] [ERROR] WebSocket connection to 'ws://localhost:5173/MFD/' failed: Error in connection establishment: net::ERR_CONNECTION_REFUSED @ http://localhost:5173/MFD/@vite/client:1034
[ 3947033ms] [ERROR] WebSocket connection to 'ws://localhost:5173/MFD/' failed: Error in connection establishment: net::ERR_CONNECTION_REFUSED @ http://localhost:5173/MFD/@vite/client:1034
[ 3948049ms] [ERROR] WebSocket connection to 'ws://localhost:5173/MFD/' failed: Error in connection establishment: net::ERR_CONNECTION_REFUSED @ http://localhost:5173/MFD/@vite/client:1034
[ 3949094ms] [ERROR] WebSocket connection to 'ws://localhost:5173/MFD/' failed: Error in connection establishment: net::ERR_CONNECTION_REFUSED @ http://localhost:5173/MFD/@vite/client:1034
[ 3950158ms] [ERROR] WebSocket connection to 'ws://localhost:5173/MFD/' failed: Error in connection establishment: net::ERR_CONNECTION_REFUSED @ http://localhost:5173/MFD/@vite/client:1034
[ 3951312ms] [ERROR] WebSocket connection to 'ws://localhost:5173/MFD/' failed: Error in connection establishment: net::ERR_CONNECTION_REFUSED @ http://localhost:5173/MFD/@vite/client:1034
[ 3952453ms] [ERROR] WebSocket connection to 'ws://localhost:5173/MFD/' failed: Error in connection establishment: net::ERR_CONNECTION_REFUSED @ http://localhost:5173/MFD/@vite/client:1034
[ 3953995ms] [ERROR] WebSocket connection to 'ws://localhost:5173/MFD/' failed: Error in connection establishment: net::ERR_CONNECTION_REFUSED @ http://localhost:5173/MFD/@vite/client:1034
[ 3956219ms] [ERROR] WebSocket connection to 'ws://localhost:5173/MFD/' failed: Error in connection establishment: net::ERR_CONNECTION_REFUSED @ http://localhost:5173/MFD/@vite/client:1034
[ 3958874ms] [ERROR] WebSocket connection to 'ws://localhost:5173/MFD/' failed: Error in connection establishment: net::ERR_CONNECTION_REFUSED @ http://localhost:5173/MFD/@vite/client:1034
[ 3962608ms] [ERROR] WebSocket connection to 'ws://localhost:5173/MFD/' failed: Error in connection establishment: net::ERR_CONNECTION_REFUSED @ http://localhost:5173/MFD/@vite/client:1034
[ 3967716ms] [ERROR] WebSocket connection to 'ws://localhost:5173/MFD/' failed: Error in connection establishment: net::ERR_CONNECTION_REFUSED @ http://localhost:5173/MFD/@vite/client:1034
[ 3972948ms] [ERROR] WebSocket connection to 'ws://localhost:5173/MFD/' failed: Error in connection establishment: net::ERR_CONNECTION_REFUSED @ http://localhost:5173/MFD/@vite/client:1034
[ 3978599ms] [ERROR] WebSocket connection to 'ws://localhost:5173/MFD/' failed: Error in connection establishment: net::ERR_CONNECTION_REFUSED @ http://localhost:5173/MFD/@vite/client:1034
[ 3981461ms] [ERROR] WebSocket connection to 'ws://localhost:5173/MFD/' failed: Error in connection establishment: net::ERR_CONNECTION_REFUSED @ http://localhost:5173/MFD/@vite/client:1034
[ 3983488ms] [ERROR] WebSocket connection to 'ws://localhost:5173/MFD/' failed: Error in connection establishment: net::ERR_CONNECTION_REFUSED @ http://localhost:5173/MFD/@vite/client:1034
[ 3985741ms] [ERROR] WebSocket connection to 'ws://localhost:5173/MFD/' failed: Error in connection establishment: net::ERR_CONNECTION_REFUSED @ http://localhost:5173/MFD/@vite/client:1034
[ 3991433ms] [ERROR] WebSocket connection to 'ws://localhost:5173/MFD/' failed: Error in connection establishment: net::ERR_CONNECTION_REFUSED @ http://localhost:5173/MFD/@vite/client:1034
[ 3996498ms] [ERROR] WebSocket connection to 'ws://localhost:5173/MFD/' failed: Error in connection establishment: net::ERR_CONNECTION_REFUSED @ http://localhost:5173/MFD/@vite/client:1034
[ 4001499ms] [ERROR] WebSocket connection to 'ws://localhost:5173/MFD/' failed: Error in connection establishment: net::ERR_CONNECTION_REFUSED @ http://localhost:5173/MFD/@vite/client:1034
[ 4005535ms] [ERROR] WebSocket connection to 'ws://localhost:5173/MFD/' failed: Error in connection establishment: net::ERR_CONNECTION_REFUSED @ http://localhost:5173/MFD/@vite/client:1034
[ 4010458ms] [ERROR] WebSocket connection to 'ws://localhost:5173/MFD/' failed: Error in connection establishment: net::ERR_CONNECTION_REFUSED @ http://localhost:5173/MFD/@vite/client:1034
[ 4013301ms] [ERROR] WebSocket connection to 'ws://localhost:5173/MFD/' failed: Error in connection establishment: net::ERR_CONNECTION_REFUSED @ http://localhost:5173/MFD/@vite/client:1034
[ 4017529ms] [ERROR] WebSocket connection to 'ws://localhost:5173/MFD/' failed: Error in connection establishment: net::ERR_CONNECTION_REFUSED @ http://localhost:5173/MFD/@vite/client:1034
[ 4023061ms] [ERROR] WebSocket connection to 'ws://localhost:5173/MFD/' failed: Error in connection establishment: net::ERR_CONNECTION_REFUSED @ http://localhost:5173/MFD/@vite/client:1034
[ 4027640ms] [ERROR] WebSocket connection to 'ws://localhost:5173/MFD/' failed: Error in connection establishment: net::ERR_CONNECTION_REFUSED @ http://localhost:5173/MFD/@vite/client:1034
[ 4030532ms] [ERROR] WebSocket connection to 'ws://localhost:5173/MFD/' failed: Error in connection establishment: net::ERR_CONNECTION_REFUSED @ http://localhost:5173/MFD/@vite/client:1034
[ 4034541ms] [ERROR] WebSocket connection to 'ws://localhost:5173/MFD/' failed: Error in connection establishment: net::ERR_CONNECTION_REFUSED @ http://localhost:5173/MFD/@vite/client:1034
[ 4040348ms] [ERROR] WebSocket connection to 'ws://localhost:5173/MFD/' failed: Error in connection establishment: net::ERR_CONNECTION_REFUSED @ http://localhost:5173/MFD/@vite/client:1034
[ 4042918ms] [ERROR] WebSocket connection to 'ws://localhost:5173/MFD/' failed: Error in connection establishment: net::ERR_CONNECTION_REFUSED @ http://localhost:5173/MFD/@vite/client:1034
[ 4047548ms] [ERROR] WebSocket connection to 'ws://localhost:5173/MFD/' failed: Error in connection establishment: net::ERR_CONNECTION_REFUSED @ http://localhost:5173/MFD/@vite/client:1034
[ 4050983ms] [ERROR] WebSocket connection to 'ws://localhost:5173/MFD/' failed: Error in connection establishment: net::ERR_CONNECTION_REFUSED @ http://localhost:5173/MFD/@vite/client:1034
[ 4056682ms] [ERROR] WebSocket connection to 'ws://localhost:5173/MFD/' failed: Error in connection establishment: net::ERR_CONNECTION_REFUSED @ http://localhost:5173/MFD/@vite/client:1034
[ 4061824ms] [ERROR] WebSocket connection to 'ws://localhost:5173/MFD/' failed: Error in connection establishment: net::ERR_CONNECTION_REFUSED @ http://localhost:5173/MFD/@vite/client:1034
[ 4067150ms] [ERROR] WebSocket connection to 'ws://localhost:5173/MFD/' failed: Error in connection establishment: net::ERR_CONNECTION_REFUSED @ http://localhost:5173/MFD/@vite/client:1034
[ 4069444ms] [ERROR] WebSocket connection to 'ws://localhost:5173/MFD/' failed: Error in connection establishment: net::ERR_CONNECTION_REFUSED @ http://localhost:5173/MFD/@vite/client:1034
[ 4073600ms] [ERROR] WebSocket connection to 'ws://localhost:5173/MFD/' failed: Error in connection establishment: net::ERR_CONNECTION_REFUSED @ http://localhost:5173/MFD/@vite/client:1034
[ 4077123ms] [ERROR] WebSocket connection to 'ws://localhost:5173/MFD/' failed: Error in connection establishment: net::ERR_CONNECTION_REFUSED @ http://localhost:5173/MFD/@vite/client:1034
[ 4082615ms] [ERROR] WebSocket connection to 'ws://localhost:5173/MFD/' failed: Error in connection establishment: net::ERR_CONNECTION_REFUSED @ http://localhost:5173/MFD/@vite/client:1034
[ 4088578ms] [ERROR] WebSocket connection to 'ws://localhost:5173/MFD/' failed: Error in connection establishment: net::ERR_CONNECTION_REFUSED @ http://localhost:5173/MFD/@vite/client:1034
[ 4093834ms] [ERROR] WebSocket connection to 'ws://localhost:5173/MFD/' failed: Error in connection establishment: net::ERR_CONNECTION_REFUSED @ http://localhost:5173/MFD/@vite/client:1034
[ 4097307ms] [ERROR] WebSocket connection to 'ws://localhost:5173/MFD/' failed: Error in connection establishment: net::ERR_CONNECTION_REFUSED @ http://localhost:5173/MFD/@vite/client:1034
[ 4103148ms] [ERROR] WebSocket connection to 'ws://localhost:5173/MFD/' failed: Error in connection establishment: net::ERR_CONNECTION_REFUSED @ http://localhost:5173/MFD/@vite/client:1034
[ 4106315ms] [ERROR] WebSocket connection to 'ws://localhost:5173/MFD/' failed: Error in connection establishment: net::ERR_CONNECTION_REFUSED @ http://localhost:5173/MFD/@vite/client:1034
[ 4108890ms] [ERROR] WebSocket connection to 'ws://localhost:5173/MFD/' failed: Error in connection establishment: net::ERR_CONNECTION_REFUSED @ http://localhost:5173/MFD/@vite/client:1034
[ 4113507ms] [ERROR] WebSocket connection to 'ws://localhost:5173/MFD/' failed: Error in connection establishment: net::ERR_CONNECTION_REFUSED @ http://localhost:5173/MFD/@vite/client:1034
[ 4116576ms] [ERROR] WebSocket connection to 'ws://localhost:5173/MFD/' failed: Error in connection establishment: net::ERR_CONNECTION_REFUSED @ http://localhost:5173/MFD/@vite/client:1034
[ 4120640ms] [ERROR] WebSocket connection to 'ws://localhost:5173/MFD/' failed: Error in connection establishment: net::ERR_CONNECTION_REFUSED @ http://localhost:5173/MFD/@vite/client:1034
[ 4126214ms] [ERROR] WebSocket connection to 'ws://localhost:5173/MFD/' failed: Error in connection establishment: net::ERR_CONNECTION_REFUSED @ http://localhost:5173/MFD/@vite/client:1034
[ 4130735ms] [ERROR] WebSocket connection to 'ws://localhost:5173/MFD/' failed: Error in connection establishment: net::ERR_CONNECTION_REFUSED @ http://localhost:5173/MFD/@vite/client:1034
[ 4134044ms] [ERROR] WebSocket connection to 'ws://localhost:5173/MFD/' failed: Error in connection establishment: net::ERR_CONNECTION_REFUSED @ http://localhost:5173/MFD/@vite/client:1034
[ 4139105ms] [ERROR] WebSocket connection to 'ws://localhost:5173/MFD/' failed: Error in connection establishment: net::ERR_CONNECTION_REFUSED @ http://localhost:5173/MFD/@vite/client:1034
[ 4141733ms] [ERROR] WebSocket connection to 'ws://localhost:5173/MFD/' failed: Error in connection establishment: net::ERR_CONNECTION_REFUSED @ http://localhost:5173/MFD/@vite/client:1034
[ 4143881ms] [ERROR] WebSocket connection to 'ws://localhost:5173/MFD/' failed: Error in connection establishment: net::ERR_CONNECTION_REFUSED @ http://localhost:5173/MFD/@vite/client:1034
[ 4148323ms] [ERROR] WebSocket connection to 'ws://localhost:5173/MFD/' failed: Error in connection establishment: net::ERR_CONNECTION_REFUSED @ http://localhost:5173/MFD/@vite/client:1034
[ 4153789ms] [ERROR] WebSocket connection to 'ws://localhost:5173/MFD/' failed: Error in connection establishment: net::ERR_CONNECTION_REFUSED @ http://localhost:5173/MFD/@vite/client:1034
[ 4157897ms] [ERROR] WebSocket connection to 'ws://localhost:5173/MFD/' failed: Error in connection establishment: net::ERR_CONNECTION_REFUSED @ http://localhost:5173/MFD/@vite/client:1034
[ 4163658ms] [ERROR] WebSocket connection to 'ws://localhost:5173/MFD/' failed: Error in connection establishment: net::ERR_CONNECTION_REFUSED @ http://localhost:5173/MFD/@vite/client:1034
[ 4165830ms] [ERROR] WebSocket connection to 'ws://localhost:5173/MFD/' failed: Error in connection establishment: net::ERR_CONNECTION_REFUSED @ http://localhost:5173/MFD/@vite/client:1034
[ 4168239ms] [ERROR] WebSocket connection to 'ws://localhost:5173/MFD/' failed: Error in connection establishment: net::ERR_CONNECTION_REFUSED @ http://localhost:5173/MFD/@vite/client:1034
[ 4171823ms] [ERROR] WebSocket connection to 'ws://localhost:5173/MFD/' failed: Error in connection establishment: net::ERR_CONNECTION_REFUSED @ http://localhost:5173/MFD/@vite/client:1034
[ 4175461ms] [ERROR] WebSocket connection to 'ws://localhost:5173/MFD/' failed: Error in connection establishment: net::ERR_CONNECTION_REFUSED @ http://localhost:5173/MFD/@vite/client:1034
[ 4177716ms] [ERROR] WebSocket connection to 'ws://localhost:5173/MFD/' failed: Error in connection establishment: net::ERR_CONNECTION_REFUSED @ http://localhost:5173/MFD/@vite/client:1034
[ 4180389ms] [ERROR] WebSocket connection to 'ws://localhost:5173/MFD/' failed: Error in connection establishment: net::ERR_CONNECTION_REFUSED @ http://localhost:5173/MFD/@vite/client:1034
[ 4181393ms] [ERROR] WebSocket connection to 'ws://localhost:5173/MFD/' failed: Error in connection establishment: net::ERR_CONNECTION_REFUSED @ http://localhost:5173/MFD/@vite/client:1034
[ 4182398ms] [ERROR] WebSocket connection to 'ws://localhost:5173/MFD/' failed: Error in connection establishment: net::ERR_CONNECTION_REFUSED @ http://localhost:5173/MFD/@vite/client:1034
[ 4183402ms] [ERROR] WebSocket connection to 'ws://localhost:5173/MFD/' failed: Error in connection establishment: net::ERR_CONNECTION_REFUSED @ http://localhost:5173/MFD/@vite/client:1034
[ 4184404ms] [ERROR] WebSocket connection to 'ws://localhost:5173/MFD/' failed: Error in connection establishment: net::ERR_CONNECTION_REFUSED @ http://localhost:5173/MFD/@vite/client:1034
[ 4185408ms] [ERROR] WebSocket connection to 'ws://localhost:5173/MFD/' failed: Error in connection establishment: net::ERR_CONNECTION_REFUSED @ http://localhost:5173/MFD/@vite/client:1034
[ 4186417ms] [ERROR] WebSocket connection to 'ws://localhost:5173/MFD/' failed: Error in connection establishment: net::ERR_CONNECTION_REFUSED @ http://localhost:5173/MFD/@vite/client:1034
[ 4187422ms] [ERROR] WebSocket connection to 'ws://localhost:5173/MFD/' failed: Error in connection establishment: net::ERR_CONNECTION_REFUSED @ http://localhost:5173/MFD/@vite/client:1034
[ 4188430ms] [ERROR] WebSocket connection to 'ws://localhost:5173/MFD/' failed: Error in connection establishment: net::ERR_CONNECTION_REFUSED @ http://localhost:5173/MFD/@vite/client:1034
[ 4189456ms] [ERROR] WebSocket connection to 'ws://localhost:5173/MFD/' failed: Error in connection establishment: net::ERR_CONNECTION_REFUSED @ http://localhost:5173/MFD/@vite/client:1034
[ 4190532ms] [ERROR] WebSocket connection to 'ws://localhost:5173/MFD/' failed: Error in connection establishment: net::ERR_CONNECTION_REFUSED @ http://localhost:5173/MFD/@vite/client:1034
[ 4191580ms] [ERROR] WebSocket connection to 'ws://localhost:5173/MFD/' failed: Error in connection establishment: net::ERR_CONNECTION_REFUSED @ http://localhost:5173/MFD/@vite/client:1034
[ 4192713ms] [ERROR] WebSocket connection to 'ws://localhost:5173/MFD/' failed: Error in connection establishment: net::ERR_CONNECTION_REFUSED @ http://localhost:5173/MFD/@vite/client:1034
[ 4194272ms] [ERROR] WebSocket connection to 'ws://localhost:5173/MFD/' failed: Error in connection establishment: net::ERR_CONNECTION_REFUSED @ http://localhost:5173/MFD/@vite/client:1034
[ 4196218ms] [ERROR] WebSocket connection to 'ws://localhost:5173/MFD/' failed: Error in connection establishment: net::ERR_CONNECTION_REFUSED @ http://localhost:5173/MFD/@vite/client:1034
[ 4198367ms] [ERROR] WebSocket connection to 'ws://localhost:5173/MFD/' failed: Error in connection establishment: net::ERR_CONNECTION_REFUSED @ http://localhost:5173/MFD/@vite/client:1034
[ 4202822ms] [ERROR] WebSocket connection to 'ws://localhost:5173/MFD/' failed: Error in connection establishment: net::ERR_CONNECTION_REFUSED @ http://localhost:5173/MFD/@vite/client:1034
[ 4204989ms] [ERROR] WebSocket connection to 'ws://localhost:5173/MFD/' failed: Error in connection establishment: net::ERR_CONNECTION_REFUSED @ http://localhost:5173/MFD/@vite/client:1034
[ 4210697ms] [ERROR] WebSocket connection to 'ws://localhost:5173/MFD/' failed: Error in connection establishment: net::ERR_CONNECTION_REFUSED @ http://localhost:5173/MFD/@vite/client:1034
[ 4216384ms] [ERROR] WebSocket connection to 'ws://localhost:5173/MFD/' failed: Error in connection establishment: net::ERR_CONNECTION_REFUSED @ http://localhost:5173/MFD/@vite/client:1034
[ 4220151ms] [ERROR] WebSocket connection to 'ws://localhost:5173/MFD/' failed: Error in connection establishment: net::ERR_CONNECTION_REFUSED @ http://localhost:5173/MFD/@vite/client:1034
[ 4224042ms] [ERROR] WebSocket connection to 'ws://localhost:5173/MFD/' failed: Error in connection establishment: net::ERR_CONNECTION_REFUSED @ http://localhost:5173/MFD/@vite/client:1034
[ 4229124ms] [ERROR] WebSocket connection to 'ws://localhost:5173/MFD/' failed: Error in connection establishment: net::ERR_CONNECTION_REFUSED @ http://localhost:5173/MFD/@vite/client:1034
[ 4233913ms] [ERROR] WebSocket connection to 'ws://localhost:5173/MFD/' failed: Error in connection establishment: net::ERR_CONNECTION_REFUSED @ http://localhost:5173/MFD/@vite/client:1034
[ 4236080ms] [ERROR] WebSocket connection to 'ws://localhost:5173/MFD/' failed: Error in connection establishment: net::ERR_CONNECTION_REFUSED @ http://localhost:5173/MFD/@vite/client:1034
[ 4241463ms] [ERROR] WebSocket connection to 'ws://localhost:5173/MFD/' failed: Error in connection establishment: net::ERR_CONNECTION_REFUSED @ http://localhost:5173/MFD/@vite/client:1034
[ 4244842ms] [ERROR] WebSocket connection to 'ws://localhost:5173/MFD/' failed: Error in connection establishment: net::ERR_CONNECTION_REFUSED @ http://localhost:5173/MFD/@vite/client:1034
[ 4249796ms] [ERROR] WebSocket connection to 'ws://localhost:5173/MFD/' failed: Error in connection establishment: net::ERR_CONNECTION_REFUSED @ http://localhost:5173/MFD/@vite/client:1034
[ 4251838ms] [ERROR] WebSocket connection to 'ws://localhost:5173/MFD/' failed: Error in connection establishment: net::ERR_CONNECTION_REFUSED @ http://localhost:5173/MFD/@vite/client:1034
[ 4256926ms] [ERROR] WebSocket connection to 'ws://localhost:5173/MFD/' failed: Error in connection establishment: net::ERR_CONNECTION_REFUSED @ http://localhost:5173/MFD/@vite/client:1034
[ 4260875ms] [ERROR] WebSocket connection to 'ws://localhost:5173/MFD/' failed: Error in connection establishment: net::ERR_CONNECTION_REFUSED @ http://localhost:5173/MFD/@vite/client:1034
[ 4265988ms] [ERROR] WebSocket connection to 'ws://localhost:5173/MFD/' failed: Error in connection establishment: net::ERR_CONNECTION_REFUSED @ http://localhost:5173/MFD/@vite/client:1034
[ 4268334ms] [ERROR] WebSocket connection to 'ws://localhost:5173/MFD/' failed: Error in connection establishment: net::ERR_CONNECTION_REFUSED @ http://localhost:5173/MFD/@vite/client:1034
[ 4273012ms] [ERROR] WebSocket connection to 'ws://localhost:5173/MFD/' failed: Error in connection establishment: net::ERR_CONNECTION_REFUSED @ http://localhost:5173/MFD/@vite/client:1034
[ 4275735ms] [ERROR] WebSocket connection to 'ws://localhost:5173/MFD/' failed: Error in connection establishment: net::ERR_CONNECTION_REFUSED @ http://localhost:5173/MFD/@vite/client:1034
[ 4280146ms] [ERROR] WebSocket connection to 'ws://localhost:5173/MFD/' failed: Error in connection establishment: net::ERR_CONNECTION_REFUSED @ http://localhost:5173/MFD/@vite/client:1034
[ 4283305ms] [ERROR] WebSocket connection to 'ws://localhost:5173/MFD/' failed: Error in connection establishment: net::ERR_CONNECTION_REFUSED @ http://localhost:5173/MFD/@vite/client:1034
[ 4286588ms] [ERROR] WebSocket connection to 'ws://localhost:5173/MFD/' failed: Error in connection establishment: net::ERR_CONNECTION_REFUSED @ http://localhost:5173/MFD/@vite/client:1034
[ 4289188ms] [ERROR] WebSocket connection to 'ws://localhost:5173/MFD/' failed: Error in connection establishment: net::ERR_CONNECTION_REFUSED @ http://localhost:5173/MFD/@vite/client:1034
[ 4294621ms] [ERROR] WebSocket connection to 'ws://localhost:5173/MFD/' failed: Error in connection establishment: net::ERR_CONNECTION_REFUSED @ http://localhost:5173/MFD/@vite/client:1034
[ 4297321ms] [ERROR] WebSocket connection to 'ws://localhost:5173/MFD/' failed: Error in connection establishment: net::ERR_CONNECTION_REFUSED @ http://localhost:5173/MFD/@vite/client:1034
[ 4302645ms] [ERROR] WebSocket connection to 'ws://localhost:5173/MFD/' failed: Error in connection establishment: net::ERR_CONNECTION_REFUSED @ http://localhost:5173/MFD/@vite/client:1034
[ 4307224ms] [ERROR] WebSocket connection to 'ws://localhost:5173/MFD/' failed: Error in connection establishment: net::ERR_CONNECTION_REFUSED @ http://localhost:5173/MFD/@vite/client:1034
[ 4312066ms] [ERROR] WebSocket connection to 'ws://localhost:5173/MFD/' failed: Error in connection establishment: net::ERR_CONNECTION_REFUSED @ http://localhost:5173/MFD/@vite/client:1034
[ 4314654ms] [ERROR] WebSocket connection to 'ws://localhost:5173/MFD/' failed: Error in connection establishment: net::ERR_CONNECTION_REFUSED @ http://localhost:5173/MFD/@vite/client:1034
[ 4319979ms] [ERROR] WebSocket connection to 'ws://localhost:5173/MFD/' failed: Error in connection establishment: net::ERR_CONNECTION_REFUSED @ http://localhost:5173/MFD/@vite/client:1034
[ 4323659ms] [ERROR] WebSocket connection to 'ws://localhost:5173/MFD/' failed: Error in connection establishment: net::ERR_CONNECTION_REFUSED @ http://localhost:5173/MFD/@vite/client:1034
[ 4327023ms] [ERROR] WebSocket connection to 'ws://localhost:5173/MFD/' failed: Error in connection establishment: net::ERR_CONNECTION_REFUSED @ http://localhost:5173/MFD/@vite/client:1034
[ 4332579ms] [ERROR] WebSocket connection to 'ws://localhost:5173/MFD/' failed: Error in connection establishment: net::ERR_CONNECTION_REFUSED @ http://localhost:5173/MFD/@vite/client:1034
[ 4335528ms] [ERROR] WebSocket connection to 'ws://localhost:5173/MFD/' failed: Error in connection establishment: net::ERR_CONNECTION_REFUSED @ http://localhost:5173/MFD/@vite/client:1034
[ 4339199ms] [ERROR] WebSocket connection to 'ws://localhost:5173/MFD/' failed: Error in connection establishment: net::ERR_CONNECTION_REFUSED @ http://localhost:5173/MFD/@vite/client:1034
[ 4341745ms] [ERROR] WebSocket connection to 'ws://localhost:5173/MFD/' failed: Error in connection establishment: net::ERR_CONNECTION_REFUSED @ http://localhost:5173/MFD/@vite/client:1034
[ 4344755ms] [ERROR] WebSocket connection to 'ws://localhost:5173/MFD/' failed: Error in connection establishment: net::ERR_CONNECTION_REFUSED @ http://localhost:5173/MFD/@vite/client:1034
[ 4347287ms] [ERROR] WebSocket connection to 'ws://localhost:5173/MFD/' failed: Error in connection establishment: net::ERR_CONNECTION_REFUSED @ http://localhost:5173/MFD/@vite/client:1034
[ 4352800ms] [ERROR] WebSocket connection to 'ws://localhost:5173/MFD/' failed: Error in connection establishment: net::ERR_CONNECTION_REFUSED @ http://localhost:5173/MFD/@vite/client:1034
[ 4356978ms] [ERROR] WebSocket connection to 'ws://localhost:5173/MFD/' failed: Error in connection establishment: net::ERR_CONNECTION_REFUSED @ http://localhost:5173/MFD/@vite/client:1034
[ 4360756ms] [ERROR] WebSocket connection to 'ws://localhost:5173/MFD/' failed: Error in connection establishment: net::ERR_CONNECTION_REFUSED @ http://localhost:5173/MFD/@vite/client:1034
[ 4366516ms] [ERROR] WebSocket connection to 'ws://localhost:5173/MFD/' failed: Error in connection establishment: net::ERR_CONNECTION_REFUSED @ http://localhost:5173/MFD/@vite/client:1034
[ 4372058ms] [ERROR] WebSocket connection to 'ws://localhost:5173/MFD/' failed: Error in connection establishment: net::ERR_CONNECTION_REFUSED @ http://localhost:5173/MFD/@vite/client:1034
[ 4376089ms] [ERROR] WebSocket connection to 'ws://localhost:5173/MFD/' failed: Error in connection establishment: net::ERR_CONNECTION_REFUSED @ http://localhost:5173/MFD/@vite/client:1034
[ 4381195ms] [ERROR] WebSocket connection to 'ws://localhost:5173/MFD/' failed: Error in connection establishment: net::ERR_CONNECTION_REFUSED @ http://localhost:5173/MFD/@vite/client:1034
[ 4386370ms] [ERROR] WebSocket connection to 'ws://localhost:5173/MFD/' failed: Error in connection establishment: net::ERR_CONNECTION_REFUSED @ http://localhost:5173/MFD/@vite/client:1034
[ 4390387ms] [ERROR] WebSocket connection to 'ws://localhost:5173/MFD/' failed: Error in connection establishment: net::ERR_CONNECTION_REFUSED @ http://localhost:5173/MFD/@vite/client:1034
[ 4396278ms] [ERROR] WebSocket connection to 'ws://localhost:5173/MFD/' failed: Error in connection establishment: net::ERR_CONNECTION_REFUSED @ http://localhost:5173/MFD/@vite/client:1034
[ 4400195ms] [ERROR] WebSocket connection to 'ws://localhost:5173/MFD/' failed: Error in connection establishment: net::ERR_CONNECTION_REFUSED @ http://localhost:5173/MFD/@vite/client:1034
[ 4405646ms] [ERROR] WebSocket connection to 'ws://localhost:5173/MFD/' failed: Error in connection establishment: net::ERR_CONNECTION_REFUSED @ http://localhost:5173/MFD/@vite/client:1034
[ 4409237ms] [ERROR] WebSocket connection to 'ws://localhost:5173/MFD/' failed: Error in connection establishment: net::ERR_CONNECTION_REFUSED @ http://localhost:5173/MFD/@vite/client:1034
[ 4415139ms] [ERROR] WebSocket connection to 'ws://localhost:5173/MFD/' failed: Error in connection establishment: net::ERR_CONNECTION_REFUSED @ http://localhost:5173/MFD/@vite/client:1034
[ 4420286ms] [ERROR] WebSocket connection to 'ws://localhost:5173/MFD/' failed: Error in connection establishment: net::ERR_CONNECTION_REFUSED @ http://localhost:5173/MFD/@vite/client:1034
[ 4424576ms] [ERROR] WebSocket connection to 'ws://localhost:5173/MFD/' failed: Error in connection establishment: net::ERR_CONNECTION_REFUSED @ http://localhost:5173/MFD/@vite/client:1034
[ 4429998ms] [ERROR] WebSocket connection to 'ws://localhost:5173/MFD/' failed: Error in connection establishment: net::ERR_CONNECTION_REFUSED @ http://localhost:5173/MFD/@vite/client:1034
[ 4432563ms] [ERROR] WebSocket connection to 'ws://localhost:5173/MFD/' failed: Error in connection establishment: net::ERR_CONNECTION_REFUSED @ http://localhost:5173/MFD/@vite/client:1034
[ 4435894ms] [ERROR] WebSocket connection to 'ws://localhost:5173/MFD/' failed: Error in connection establishment: net::ERR_CONNECTION_REFUSED @ http://localhost:5173/MFD/@vite/client:1034
[ 4441044ms] [ERROR] WebSocket connection to 'ws://localhost:5173/MFD/' failed: Error in connection establishment: net::ERR_CONNECTION_REFUSED @ http://localhost:5173/MFD/@vite/client:1034
[ 4446575ms] [ERROR] WebSocket connection to 'ws://localhost:5173/MFD/' failed: Error in connection establishment: net::ERR_CONNECTION_REFUSED @ http://localhost:5173/MFD/@vite/client:1034
[ 4451415ms] [ERROR] WebSocket connection to 'ws://localhost:5173/MFD/' failed: Error in connection establishment: net::ERR_CONNECTION_REFUSED @ http://localhost:5173/MFD/@vite/client:1034
[ 4453902ms] [ERROR] WebSocket connection to 'ws://localhost:5173/MFD/' failed: Error in connection establishment: net::ERR_CONNECTION_REFUSED @ http://localhost:5173/MFD/@vite/client:1034
[ 4457436ms] [ERROR] WebSocket connection to 'ws://localhost:5173/MFD/' failed: Error in connection establishment: net::ERR_CONNECTION_REFUSED @ http://localhost:5173/MFD/@vite/client:1034
[ 4459913ms] [ERROR] WebSocket connection to 'ws://localhost:5173/MFD/' failed: Error in connection establishment: net::ERR_CONNECTION_REFUSED @ http://localhost:5173/MFD/@vite/client:1034
[ 4464027ms] [ERROR] WebSocket connection to 'ws://localhost:5173/MFD/' failed: Error in connection establishment: net::ERR_CONNECTION_REFUSED @ http://localhost:5173/MFD/@vite/client:1034
[ 4469508ms] [ERROR] WebSocket connection to 'ws://localhost:5173/MFD/' failed: Error in connection establishment: net::ERR_CONNECTION_REFUSED @ http://localhost:5173/MFD/@vite/client:1034
[ 4472777ms] [ERROR] WebSocket connection to 'ws://localhost:5173/MFD/' failed: Error in connection establishment: net::ERR_CONNECTION_REFUSED @ http://localhost:5173/MFD/@vite/client:1034
[ 4477865ms] [ERROR] WebSocket connection to 'ws://localhost:5173/MFD/' failed: Error in connection establishment: net::ERR_CONNECTION_REFUSED @ http://localhost:5173/MFD/@vite/client:1034
[ 4482297ms] [ERROR] WebSocket connection to 'ws://localhost:5173/MFD/' failed: Error in connection establishment: net::ERR_CONNECTION_REFUSED @ http://localhost:5173/MFD/@vite/client:1034
[ 4484905ms] [ERROR] WebSocket connection to 'ws://localhost:5173/MFD/' failed: Error in connection establishment: net::ERR_CONNECTION_REFUSED @ http://localhost:5173/MFD/@vite/client:1034
[ 4487069ms] [ERROR] WebSocket connection to 'ws://localhost:5173/MFD/' failed: Error in connection establishment: net::ERR_CONNECTION_REFUSED @ http://localhost:5173/MFD/@vite/client:1034
[ 4491260ms] [ERROR] WebSocket connection to 'ws://localhost:5173/MFD/' failed: Error in connection establishment: net::ERR_CONNECTION_REFUSED @ http://localhost:5173/MFD/@vite/client:1034
[ 4493402ms] [ERROR] WebSocket connection to 'ws://localhost:5173/MFD/' failed: Error in connection establishment: net::ERR_CONNECTION_REFUSED @ http://localhost:5173/MFD/@vite/client:1034
[ 4498902ms] [ERROR] WebSocket connection to 'ws://localhost:5173/MFD/' failed: Error in connection establishment: net::ERR_CONNECTION_REFUSED @ http://localhost:5173/MFD/@vite/client:1034
[ 4504660ms] [ERROR] WebSocket connection to 'ws://localhost:5173/MFD/' failed: Error in connection establishment: net::ERR_CONNECTION_REFUSED @ http://localhost:5173/MFD/@vite/client:1034
[ 4510519ms] [ERROR] WebSocket connection to 'ws://localhost:5173/MFD/' failed: Error in connection establishment: net::ERR_CONNECTION_REFUSED @ http://localhost:5173/MFD/@vite/client:1034
[ 4515944ms] [ERROR] WebSocket connection to 'ws://localhost:5173/MFD/' failed: Error in connection establishment: net::ERR_CONNECTION_REFUSED @ http://localhost:5173/MFD/@vite/client:1034
[ 4520264ms] [ERROR] WebSocket connection to 'ws://localhost:5173/MFD/' failed: Error in connection establishment: net::ERR_CONNECTION_REFUSED @ http://localhost:5173/MFD/@vite/client:1034
[ 4522518ms] [ERROR] WebSocket connection to 'ws://localhost:5173/MFD/' failed: Error in connection establishment: net::ERR_CONNECTION_REFUSED @ http://localhost:5173/MFD/@vite/client:1034
[ 4526585ms] [ERROR] WebSocket connection to 'ws://localhost:5173/MFD/' failed: Error in connection establishment: net::ERR_CONNECTION_REFUSED @ http://localhost:5173/MFD/@vite/client:1034
[ 4528675ms] [ERROR] WebSocket connection to 'ws://localhost:5173/MFD/' failed: Error in connection establishment: net::ERR_CONNECTION_REFUSED @ http://localhost:5173/MFD/@vite/client:1034
[ 4532893ms] [ERROR] WebSocket connection to 'ws://localhost:5173/MFD/' failed: Error in connection establishment: net::ERR_CONNECTION_REFUSED @ http://localhost:5173/MFD/@vite/client:1034
[ 4537987ms] [ERROR] WebSocket connection to 'ws://localhost:5173/MFD/' failed: Error in connection establishment: net::ERR_CONNECTION_REFUSED @ http://localhost:5173/MFD/@vite/client:1034
[ 4540547ms] [ERROR] WebSocket connection to 'ws://localhost:5173/MFD/' failed: Error in connection establishment: net::ERR_CONNECTION_REFUSED @ http://localhost:5173/MFD/@vite/client:1034
[ 4541549ms] [ERROR] WebSocket connection to 'ws://localhost:5173/MFD/' failed: Error in connection establishment: net::ERR_CONNECTION_REFUSED @ http://localhost:5173/MFD/@vite/client:1034
[ 4542553ms] [ERROR] WebSocket connection to 'ws://localhost:5173/MFD/' failed: Error in connection establishment: net::ERR_CONNECTION_REFUSED @ http://localhost:5173/MFD/@vite/client:1034
[ 4543556ms] [ERROR] WebSocket connection to 'ws://localhost:5173/MFD/' failed: Error in connection establishment: net::ERR_CONNECTION_REFUSED @ http://localhost:5173/MFD/@vite/client:1034
[ 4544562ms] [ERROR] WebSocket connection to 'ws://localhost:5173/MFD/' failed: Error in connection establishment: net::ERR_CONNECTION_REFUSED @ http://localhost:5173/MFD/@vite/client:1034
[ 4545567ms] [ERROR] WebSocket connection to 'ws://localhost:5173/MFD/' failed: Error in connection establishment: net::ERR_CONNECTION_REFUSED @ http://localhost:5173/MFD/@vite/client:1034
[ 4546573ms] [ERROR] WebSocket connection to 'ws://localhost:5173/MFD/' failed: Error in connection establishment: net::ERR_CONNECTION_REFUSED @ http://localhost:5173/MFD/@vite/client:1034
[ 4547585ms] [ERROR] WebSocket connection to 'ws://localhost:5173/MFD/' failed: Error in connection establishment: net::ERR_CONNECTION_REFUSED @ http://localhost:5173/MFD/@vite/client:1034
[ 4548606ms] [ERROR] WebSocket connection to 'ws://localhost:5173/MFD/' failed: Error in connection establishment: net::ERR_CONNECTION_REFUSED @ http://localhost:5173/MFD/@vite/client:1034
[ 4549652ms] [ERROR] WebSocket connection to 'ws://localhost:5173/MFD/' failed: Error in connection establishment: net::ERR_CONNECTION_REFUSED @ http://localhost:5173/MFD/@vite/client:1034
[ 4550685ms] [ERROR] WebSocket connection to 'ws://localhost:5173/MFD/' failed: Error in connection establishment: net::ERR_CONNECTION_REFUSED @ http://localhost:5173/MFD/@vite/client:1034
[ 4551810ms] [ERROR] WebSocket connection to 'ws://localhost:5173/MFD/' failed: Error in connection establishment: net::ERR_CONNECTION_REFUSED @ http://localhost:5173/MFD/@vite/client:1034
[ 4553118ms] [ERROR] WebSocket connection to 'ws://localhost:5173/MFD/' failed: Error in connection establishment: net::ERR_CONNECTION_REFUSED @ http://localhost:5173/MFD/@vite/client:1034
[ 4554293ms] [ERROR] WebSocket connection to 'ws://localhost:5173/MFD/' failed: Error in connection establishment: net::ERR_CONNECTION_REFUSED @ http://localhost:5173/MFD/@vite/client:1034
[ 4555682ms] [ERROR] WebSocket connection to 'ws://localhost:5173/MFD/' failed: Error in connection establishment: net::ERR_CONNECTION_REFUSED @ http://localhost:5173/MFD/@vite/client:1034
[ 4558773ms] [ERROR] WebSocket connection to 'ws://localhost:5173/MFD/' failed: Error in connection establishment: net::ERR_CONNECTION_REFUSED @ http://localhost:5173/MFD/@vite/client:1034
[ 4564087ms] [ERROR] WebSocket connection to 'ws://localhost:5173/MFD/' failed: Error in connection establishment: net::ERR_CONNECTION_REFUSED @ http://localhost:5173/MFD/@vite/client:1034
[ 4566218ms] [ERROR] WebSocket connection to 'ws://localhost:5173/MFD/' failed: Error in connection establishment: net::ERR_CONNECTION_REFUSED @ http://localhost:5173/MFD/@vite/client:1034
[ 4571687ms] [ERROR] WebSocket connection to 'ws://localhost:5173/MFD/' failed: Error in connection establishment: net::ERR_CONNECTION_REFUSED @ http://localhost:5173/MFD/@vite/client:1034
[ 4576752ms] [ERROR] WebSocket connection to 'ws://localhost:5173/MFD/' failed: Error in connection establishment: net::ERR_CONNECTION_REFUSED @ http://localhost:5173/MFD/@vite/client:1034
[ 4580205ms] [ERROR] WebSocket connection to 'ws://localhost:5173/MFD/' failed: Error in connection establishment: net::ERR_CONNECTION_REFUSED @ http://localhost:5173/MFD/@vite/client:1034
[ 4584843ms] [ERROR] WebSocket connection to 'ws://localhost:5173/MFD/' failed: Error in connection establishment: net::ERR_CONNECTION_REFUSED @ http://localhost:5173/MFD/@vite/client:1034
[ 4589986ms] [ERROR] WebSocket connection to 'ws://localhost:5173/MFD/' failed: Error in connection establishment: net::ERR_CONNECTION_REFUSED @ http://localhost:5173/MFD/@vite/client:1034
[ 4593496ms] [ERROR] WebSocket connection to 'ws://localhost:5173/MFD/' failed: Error in connection establishment: net::ERR_CONNECTION_REFUSED @ http://localhost:5173/MFD/@vite/client:1034
[ 4598197ms] [ERROR] WebSocket connection to 'ws://localhost:5173/MFD/' failed: Error in connection establishment: net::ERR_CONNECTION_REFUSED @ http://localhost:5173/MFD/@vite/client:1034
[ 4603426ms] [ERROR] WebSocket connection to 'ws://localhost:5173/MFD/' failed: Error in connection establishment: net::ERR_CONNECTION_REFUSED @ http://localhost:5173/MFD/@vite/client:1034
[ 4606592ms] [ERROR] WebSocket connection to 'ws://localhost:5173/MFD/' failed: Error in connection establishment: net::ERR_CONNECTION_REFUSED @ http://localhost:5173/MFD/@vite/client:1034
[ 4609971ms] [ERROR] WebSocket connection to 'ws://localhost:5173/MFD/' failed: Error in connection establishment: net::ERR_CONNECTION_REFUSED @ http://localhost:5173/MFD/@vite/client:1034
[ 4615084ms] [ERROR] WebSocket connection to 'ws://localhost:5173/MFD/' failed: Error in connection establishment: net::ERR_CONNECTION_REFUSED @ http://localhost:5173/MFD/@vite/client:1034
[ 4619868ms] [ERROR] WebSocket connection to 'ws://localhost:5173/MFD/' failed: Error in connection establishment: net::ERR_CONNECTION_REFUSED @ http://localhost:5173/MFD/@vite/client:1034
[ 4622075ms] [ERROR] WebSocket connection to 'ws://localhost:5173/MFD/' failed: Error in connection establishment: net::ERR_CONNECTION_REFUSED @ http://localhost:5173/MFD/@vite/client:1034
[ 4625538ms] [ERROR] WebSocket connection to 'ws://localhost:5173/MFD/' failed: Error in connection establishment: net::ERR_CONNECTION_REFUSED @ http://localhost:5173/MFD/@vite/client:1034
[ 4627826ms] [ERROR] WebSocket connection to 'ws://localhost:5173/MFD/' failed: Error in connection establishment: net::ERR_CONNECTION_REFUSED @ http://localhost:5173/MFD/@vite/client:1034
[ 4630868ms] [ERROR] WebSocket connection to 'ws://localhost:5173/MFD/' failed: Error in connection establishment: net::ERR_CONNECTION_REFUSED @ http://localhost:5173/MFD/@vite/client:1034
[ 4636259ms] [ERROR] WebSocket connection to 'ws://localhost:5173/MFD/' failed: Error in connection establishment: net::ERR_CONNECTION_REFUSED @ http://localhost:5173/MFD/@vite/client:1034
[ 4640429ms] [ERROR] WebSocket connection to 'ws://localhost:5173/MFD/' failed: Error in connection establishment: net::ERR_CONNECTION_REFUSED @ http://localhost:5173/MFD/@vite/client:1034
[ 4643053ms] [ERROR] WebSocket connection to 'ws://localhost:5173/MFD/' failed: Error in connection establishment: net::ERR_CONNECTION_REFUSED @ http://localhost:5173/MFD/@vite/client:1034
[ 4647139ms] [ERROR] WebSocket connection to 'ws://localhost:5173/MFD/' failed: Error in connection establishment: net::ERR_CONNECTION_REFUSED @ http://localhost:5173/MFD/@vite/client:1034
[ 4651617ms] [ERROR] WebSocket connection to 'ws://localhost:5173/MFD/' failed: Error in connection establishment: net::ERR_CONNECTION_REFUSED @ http://localhost:5173/MFD/@vite/client:1034
[ 4655912ms] [ERROR] WebSocket connection to 'ws://localhost:5173/MFD/' failed: Error in connection establishment: net::ERR_CONNECTION_REFUSED @ http://localhost:5173/MFD/@vite/client:1034
[ 4661817ms] [ERROR] WebSocket connection to 'ws://localhost:5173/MFD/' failed: Error in connection establishment: net::ERR_CONNECTION_REFUSED @ http://localhost:5173/MFD/@vite/client:1034
[ 4665350ms] [ERROR] WebSocket connection to 'ws://localhost:5173/MFD/' failed: Error in connection establishment: net::ERR_CONNECTION_REFUSED @ http://localhost:5173/MFD/@vite/client:1034
[ 4668942ms] [ERROR] WebSocket connection to 'ws://localhost:5173/MFD/' failed: Error in connection establishment: net::ERR_CONNECTION_REFUSED @ http://localhost:5173/MFD/@vite/client:1034
[ 4672109ms] [ERROR] WebSocket connection to 'ws://localhost:5173/MFD/' failed: Error in connection establishment: net::ERR_CONNECTION_REFUSED @ http://localhost:5173/MFD/@vite/client:1034
[ 4674600ms] [ERROR] WebSocket connection to 'ws://localhost:5173/MFD/' failed: Error in connection establishment: net::ERR_CONNECTION_REFUSED @ http://localhost:5173/MFD/@vite/client:1034
[ 4680062ms] [ERROR] WebSocket connection to 'ws://localhost:5173/MFD/' failed: Error in connection establishment: net::ERR_CONNECTION_REFUSED @ http://localhost:5173/MFD/@vite/client:1034
[ 4684951ms] [ERROR] WebSocket connection to 'ws://localhost:5173/MFD/' failed: Error in connection establishment: net::ERR_CONNECTION_REFUSED @ http://localhost:5173/MFD/@vite/client:1034
[ 4687539ms] [ERROR] WebSocket connection to 'ws://localhost:5173/MFD/' failed: Error in connection establishment: net::ERR_CONNECTION_REFUSED @ http://localhost:5173/MFD/@vite/client:1034
[ 4693139ms] [ERROR] WebSocket connection to 'ws://localhost:5173/MFD/' failed: Error in connection establishment: net::ERR_CONNECTION_REFUSED @ http://localhost:5173/MFD/@vite/client:1034
[ 4698367ms] [ERROR] WebSocket connection to 'ws://localhost:5173/MFD/' failed: Error in connection establishment: net::ERR_CONNECTION_REFUSED @ http://localhost:5173/MFD/@vite/client:1034
[ 4703841ms] [ERROR] WebSocket connection to 'ws://localhost:5173/MFD/' failed: Error in connection establishment: net::ERR_CONNECTION_REFUSED @ http://localhost:5173/MFD/@vite/client:1034
[ 4709471ms] [ERROR] WebSocket connection to 'ws://localhost:5173/MFD/' failed: Error in connection establishment: net::ERR_CONNECTION_REFUSED @ http://localhost:5173/MFD/@vite/client:1034
[ 4712275ms] [ERROR] WebSocket connection to 'ws://localhost:5173/MFD/' failed: Error in connection establishment: net::ERR_CONNECTION_REFUSED @ http://localhost:5173/MFD/@vite/client:1034
[ 4716112ms] [ERROR] WebSocket connection to 'ws://localhost:5173/MFD/' failed: Error in connection establishment: net::ERR_CONNECTION_REFUSED @ http://localhost:5173/MFD/@vite/client:1034
[ 4719377ms] [ERROR] WebSocket connection to 'ws://localhost:5173/MFD/' failed: Error in connection establishment: net::ERR_CONNECTION_REFUSED @ http://localhost:5173/MFD/@vite/client:1034
[ 4725130ms] [ERROR] WebSocket connection to 'ws://localhost:5173/MFD/' failed: Error in connection establishment: net::ERR_CONNECTION_REFUSED @ http://localhost:5173/MFD/@vite/client:1034
[ 4729405ms] [ERROR] WebSocket connection to 'ws://localhost:5173/MFD/' failed: Error in connection establishment: net::ERR_CONNECTION_REFUSED @ http://localhost:5173/MFD/@vite/client:1034
[ 4734380ms] [ERROR] WebSocket connection to 'ws://localhost:5173/MFD/' failed: Error in connection establishment: net::ERR_CONNECTION_REFUSED @ http://localhost:5173/MFD/@vite/client:1034
[ 4738376ms] [ERROR] WebSocket connection to 'ws://localhost:5173/MFD/' failed: Error in connection establishment: net::ERR_CONNECTION_REFUSED @ http://localhost:5173/MFD/@vite/client:1034
[ 4742708ms] [ERROR] WebSocket connection to 'ws://localhost:5173/MFD/' failed: Error in connection establishment: net::ERR_CONNECTION_REFUSED @ http://localhost:5173/MFD/@vite/client:1034
[ 4748307ms] [ERROR] WebSocket connection to 'ws://localhost:5173/MFD/' failed: Error in connection establishment: net::ERR_CONNECTION_REFUSED @ http://localhost:5173/MFD/@vite/client:1034
[ 4751846ms] [ERROR] WebSocket connection to 'ws://localhost:5173/MFD/' failed: Error in connection establishment: net::ERR_CONNECTION_REFUSED @ http://localhost:5173/MFD/@vite/client:1034
[ 4756890ms] [ERROR] WebSocket connection to 'ws://localhost:5173/MFD/' failed: Error in connection establishment: net::ERR_CONNECTION_REFUSED @ http://localhost:5173/MFD/@vite/client:1034
[ 4762338ms] [ERROR] WebSocket connection to 'ws://localhost:5173/MFD/' failed: Error in connection establishment: net::ERR_CONNECTION_REFUSED @ http://localhost:5173/MFD/@vite/client:1034
[ 4765594ms] [ERROR] WebSocket connection to 'ws://localhost:5173/MFD/' failed: Error in connection establishment: net::ERR_CONNECTION_REFUSED @ http://localhost:5173/MFD/@vite/client:1034
[ 4767985ms] [ERROR] WebSocket connection to 'ws://localhost:5173/MFD/' failed: Error in connection establishment: net::ERR_CONNECTION_REFUSED @ http://localhost:5173/MFD/@vite/client:1034
[ 4770466ms] [ERROR] WebSocket connection to 'ws://localhost:5173/MFD/' failed: Error in connection establishment: net::ERR_CONNECTION_REFUSED @ http://localhost:5173/MFD/@vite/client:1034
[ 4775273ms] [ERROR] WebSocket connection to 'ws://localhost:5173/MFD/' failed: Error in connection establishment: net::ERR_CONNECTION_REFUSED @ http://localhost:5173/MFD/@vite/client:1034
[ 4780657ms] [ERROR] WebSocket connection to 'ws://localhost:5173/MFD/' failed: Error in connection establishment: net::ERR_CONNECTION_REFUSED @ http://localhost:5173/MFD/@vite/client:1034
[ 4781661ms] [ERROR] WebSocket connection to 'ws://localhost:5173/MFD/' failed: Error in connection establishment: net::ERR_CONNECTION_REFUSED @ http://localhost:5173/MFD/@vite/client:1034
[ 4782665ms] [ERROR] WebSocket connection to 'ws://localhost:5173/MFD/' failed: Error in connection establishment: net::ERR_CONNECTION_REFUSED @ http://localhost:5173/MFD/@vite/client:1034
[ 4783668ms] [ERROR] WebSocket connection to 'ws://localhost:5173/MFD/' failed: Error in connection establishment: net::ERR_CONNECTION_REFUSED @ http://localhost:5173/MFD/@vite/client:1034
[ 4784673ms] [ERROR] WebSocket connection to 'ws://localhost:5173/MFD/' failed: Error in connection establishment: net::ERR_CONNECTION_REFUSED @ http://localhost:5173/MFD/@vite/client:1034
[ 4785679ms] [ERROR] WebSocket connection to 'ws://localhost:5173/MFD/' failed: Error in connection establishment: net::ERR_CONNECTION_REFUSED @ http://localhost:5173/MFD/@vite/client:1034
[ 4786686ms] [ERROR] WebSocket connection to 'ws://localhost:5173/MFD/' failed: Error in connection establishment: net::ERR_CONNECTION_REFUSED @ http://localhost:5173/MFD/@vite/client:1034
[ 4787699ms] [ERROR] WebSocket connection to 'ws://localhost:5173/MFD/' failed: Error in connection establishment: net::ERR_CONNECTION_REFUSED @ http://localhost:5173/MFD/@vite/client:1034
[ 4788724ms] [ERROR] WebSocket connection to 'ws://localhost:5173/MFD/' failed: Error in connection establishment: net::ERR_CONNECTION_REFUSED @ http://localhost:5173/MFD/@vite/client:1034
[ 4789757ms] [ERROR] WebSocket connection to 'ws://localhost:5173/MFD/' failed: Error in connection establishment: net::ERR_CONNECTION_REFUSED @ http://localhost:5173/MFD/@vite/client:1034
[ 4790833ms] [ERROR] WebSocket connection to 'ws://localhost:5173/MFD/' failed: Error in connection establishment: net::ERR_CONNECTION_REFUSED @ http://localhost:5173/MFD/@vite/client:1034
[ 4791966ms] [ERROR] WebSocket connection to 'ws://localhost:5173/MFD/' failed: Error in connection establishment: net::ERR_CONNECTION_REFUSED @ http://localhost:5173/MFD/@vite/client:1034
[ 4793173ms] [ERROR] WebSocket connection to 'ws://localhost:5173/MFD/' failed: Error in connection establishment: net::ERR_CONNECTION_REFUSED @ http://localhost:5173/MFD/@vite/client:1034
[ 4794506ms] [ERROR] WebSocket connection to 'ws://localhost:5173/MFD/' failed: Error in connection establishment: net::ERR_CONNECTION_REFUSED @ http://localhost:5173/MFD/@vite/client:1034
[ 4796616ms] [ERROR] WebSocket connection to 'ws://localhost:5173/MFD/' failed: Error in connection establishment: net::ERR_CONNECTION_REFUSED @ http://localhost:5173/MFD/@vite/client:1034
[ 4799200ms] [ERROR] WebSocket connection to 'ws://localhost:5173/MFD/' failed: Error in connection establishment: net::ERR_CONNECTION_REFUSED @ http://localhost:5173/MFD/@vite/client:1034
[ 4805049ms] [ERROR] WebSocket connection to 'ws://localhost:5173/MFD/' failed: Error in connection establishment: net::ERR_CONNECTION_REFUSED @ http://localhost:5173/MFD/@vite/client:1034
[ 4809816ms] [ERROR] WebSocket connection to 'ws://localhost:5173/MFD/' failed: Error in connection establishment: net::ERR_CONNECTION_REFUSED @ http://localhost:5173/MFD/@vite/client:1034
[ 4815478ms] [ERROR] WebSocket connection to 'ws://localhost:5173/MFD/' failed: Error in connection establishment: net::ERR_CONNECTION_REFUSED @ http://localhost:5173/MFD/@vite/client:1034
[ 4820893ms] [ERROR] WebSocket connection to 'ws://localhost:5173/MFD/' failed: Error in connection establishment: net::ERR_CONNECTION_REFUSED @ http://localhost:5173/MFD/@vite/client:1034
[ 4824076ms] [ERROR] WebSocket connection to 'ws://localhost:5173/MFD/' failed: Error in connection establishment: net::ERR_CONNECTION_REFUSED @ http://localhost:5173/MFD/@vite/client:1034
[ 4829672ms] [ERROR] WebSocket connection to 'ws://localhost:5173/MFD/' failed: Error in connection establishment: net::ERR_CONNECTION_REFUSED @ http://localhost:5173/MFD/@vite/client:1034
[ 4833323ms] [ERROR] WebSocket connection to 'ws://localhost:5173/MFD/' failed: Error in connection establishment: net::ERR_CONNECTION_REFUSED @ http://localhost:5173/MFD/@vite/client:1034
[ 4836577ms] [ERROR] WebSocket connection to 'ws://localhost:5173/MFD/' failed: Error in connection establishment: net::ERR_CONNECTION_REFUSED @ http://localhost:5173/MFD/@vite/client:1034
[ 4841166ms] [ERROR] WebSocket connection to 'ws://localhost:5173/MFD/' failed: Error in connection establishment: net::ERR_CONNECTION_REFUSED @ http://localhost:5173/MFD/@vite/client:1034
[ 4844395ms] [ERROR] WebSocket connection to 'ws://localhost:5173/MFD/' failed: Error in connection establishment: net::ERR_CONNECTION_REFUSED @ http://localhost:5173/MFD/@vite/client:1034
[ 4849782ms] [ERROR] WebSocket connection to 'ws://localhost:5173/MFD/' failed: Error in connection establishment: net::ERR_CONNECTION_REFUSED @ http://localhost:5173/MFD/@vite/client:1034
[ 4853894ms] [ERROR] WebSocket connection to 'ws://localhost:5173/MFD/' failed: Error in connection establishment: net::ERR_CONNECTION_REFUSED @ http://localhost:5173/MFD/@vite/client:1034
[ 4859085ms] [ERROR] WebSocket connection to 'ws://localhost:5173/MFD/' failed: Error in connection establishment: net::ERR_CONNECTION_REFUSED @ http://localhost:5173/MFD/@vite/client:1034
[ 4864564ms] [ERROR] WebSocket connection to 'ws://localhost:5173/MFD/' failed: Error in connection establishment: net::ERR_CONNECTION_REFUSED @ http://localhost:5173/MFD/@vite/client:1034
[ 4868802ms] [ERROR] WebSocket connection to 'ws://localhost:5173/MFD/' failed: Error in connection establishment: net::ERR_CONNECTION_REFUSED @ http://localhost:5173/MFD/@vite/client:1034
[ 4874415ms] [ERROR] WebSocket connection to 'ws://localhost:5173/MFD/' failed: Error in connection establishment: net::ERR_CONNECTION_REFUSED @ http://localhost:5173/MFD/@vite/client:1034
[ 4878628ms] [ERROR] WebSocket connection to 'ws://localhost:5173/MFD/' failed: Error in connection establishment: net::ERR_CONNECTION_REFUSED @ http://localhost:5173/MFD/@vite/client:1034
[ 4880932ms] [ERROR] WebSocket connection to 'ws://localhost:5173/MFD/' failed: Error in connection establishment: net::ERR_CONNECTION_REFUSED @ http://localhost:5173/MFD/@vite/client:1034
[ 4883523ms] [ERROR] WebSocket connection to 'ws://localhost:5173/MFD/' failed: Error in connection establishment: net::ERR_CONNECTION_REFUSED @ http://localhost:5173/MFD/@vite/client:1034
[ 4888327ms] [ERROR] WebSocket connection to 'ws://localhost:5173/MFD/' failed: Error in connection establishment: net::ERR_CONNECTION_REFUSED @ http://localhost:5173/MFD/@vite/client:1034
[ 4893750ms] [ERROR] WebSocket connection to 'ws://localhost:5173/MFD/' failed: Error in connection establishment: net::ERR_CONNECTION_REFUSED @ http://localhost:5173/MFD/@vite/client:1034
[ 4896698ms] [ERROR] WebSocket connection to 'ws://localhost:5173/MFD/' failed: Error in connection establishment: net::ERR_CONNECTION_REFUSED @ http://localhost:5173/MFD/@vite/client:1034
[ 4900796ms] [ERROR] WebSocket connection to 'ws://localhost:5173/MFD/' failed: Error in connection establishment: net::ERR_CONNECTION_REFUSED @ http://localhost:5173/MFD/@vite/client:1034
[ 4901801ms] [ERROR] WebSocket connection to 'ws://localhost:5173/MFD/' failed: Error in connection establishment: net::ERR_CONNECTION_REFUSED @ http://localhost:5173/MFD/@vite/client:1034
[ 4902805ms] [ERROR] WebSocket connection to 'ws://localhost:5173/MFD/' failed: Error in connection establishment: net::ERR_CONNECTION_REFUSED @ http://localhost:5173/MFD/@vite/client:1034
[ 4903809ms] [ERROR] WebSocket connection to 'ws://localhost:5173/MFD/' failed: Error in connection establishment: net::ERR_CONNECTION_REFUSED @ http://localhost:5173/MFD/@vite/client:1034
[ 4904812ms] [ERROR] WebSocket connection to 'ws://localhost:5173/MFD/' failed: Error in connection establishment: net::ERR_CONNECTION_REFUSED @ http://localhost:5173/MFD/@vite/client:1034
[ 4905817ms] [ERROR] WebSocket connection to 'ws://localhost:5173/MFD/' failed: Error in connection establishment: net::ERR_CONNECTION_REFUSED @ http://localhost:5173/MFD/@vite/client:1034
[ 4906821ms] [ERROR] WebSocket connection to 'ws://localhost:5173/MFD/' failed: Error in connection establishment: net::ERR_CONNECTION_REFUSED @ http://localhost:5173/MFD/@vite/client:1034
[ 4907831ms] [ERROR] WebSocket connection to 'ws://localhost:5173/MFD/' failed: Error in connection establishment: net::ERR_CONNECTION_REFUSED @ http://localhost:5173/MFD/@vite/client:1034
[ 4908839ms] [ERROR] WebSocket connection to 'ws://localhost:5173/MFD/' failed: Error in connection establishment: net::ERR_CONNECTION_REFUSED @ http://localhost:5173/MFD/@vite/client:1034
[ 4909881ms] [ERROR] WebSocket connection to 'ws://localhost:5173/MFD/' failed: Error in connection establishment: net::ERR_CONNECTION_REFUSED @ http://localhost:5173/MFD/@vite/client:1034
[ 4910922ms] [ERROR] WebSocket connection to 'ws://localhost:5173/MFD/' failed: Error in connection establishment: net::ERR_CONNECTION_REFUSED @ http://localhost:5173/MFD/@vite/client:1034
[ 4912081ms] [ERROR] WebSocket connection to 'ws://localhost:5173/MFD/' failed: Error in connection establishment: net::ERR_CONNECTION_REFUSED @ http://localhost:5173/MFD/@vite/client:1034
[ 4913222ms] [ERROR] WebSocket connection to 'ws://localhost:5173/MFD/' failed: Error in connection establishment: net::ERR_CONNECTION_REFUSED @ http://localhost:5173/MFD/@vite/client:1034
[ 4914515ms] [ERROR] WebSocket connection to 'ws://localhost:5173/MFD/' failed: Error in connection establishment: net::ERR_CONNECTION_REFUSED @ http://localhost:5173/MFD/@vite/client:1034
[ 4916323ms] [ERROR] WebSocket connection to 'ws://localhost:5173/MFD/' failed: Error in connection establishment: net::ERR_CONNECTION_REFUSED @ http://localhost:5173/MFD/@vite/client:1034
[ 4919346ms] [ERROR] WebSocket connection to 'ws://localhost:5173/MFD/' failed: Error in connection establishment: net::ERR_CONNECTION_REFUSED @ http://localhost:5173/MFD/@vite/client:1034
[ 4922564ms] [ERROR] WebSocket connection to 'ws://localhost:5173/MFD/' failed: Error in connection establishment: net::ERR_CONNECTION_REFUSED @ http://localhost:5173/MFD/@vite/client:1034
[ 4928022ms] [ERROR] WebSocket connection to 'ws://localhost:5173/MFD/' failed: Error in connection establishment: net::ERR_CONNECTION_REFUSED @ http://localhost:5173/MFD/@vite/client:1034
[ 4930299ms] [ERROR] WebSocket connection to 'ws://localhost:5173/MFD/' failed: Error in connection establishment: net::ERR_CONNECTION_REFUSED @ http://localhost:5173/MFD/@vite/client:1034
[ 4934161ms] [ERROR] WebSocket connection to 'ws://localhost:5173/MFD/' failed: Error in connection establishment: net::ERR_CONNECTION_REFUSED @ http://localhost:5173/MFD/@vite/client:1034
[ 4937301ms] [ERROR] WebSocket connection to 'ws://localhost:5173/MFD/' failed: Error in connection establishment: net::ERR_CONNECTION_REFUSED @ http://localhost:5173/MFD/@vite/client:1034
[ 4940476ms] [ERROR] WebSocket connection to 'ws://localhost:5173/MFD/' failed: Error in connection establishment: net::ERR_CONNECTION_REFUSED @ http://localhost:5173/MFD/@vite/client:1034
[ 4944731ms] [ERROR] WebSocket connection to 'ws://localhost:5173/MFD/' failed: Error in connection establishment: net::ERR_CONNECTION_REFUSED @ http://localhost:5173/MFD/@vite/client:1034
[ 4947548ms] [ERROR] WebSocket connection to 'ws://localhost:5173/MFD/' failed: Error in connection establishment: net::ERR_CONNECTION_REFUSED @ http://localhost:5173/MFD/@vite/client:1034
[ 4951991ms] [ERROR] WebSocket connection to 'ws://localhost:5173/MFD/' failed: Error in connection establishment: net::ERR_CONNECTION_REFUSED @ http://localhost:5173/MFD/@vite/client:1034
[ 4955514ms] [ERROR] WebSocket connection to 'ws://localhost:5173/MFD/' failed: Error in connection establishment: net::ERR_CONNECTION_REFUSED @ http://localhost:5173/MFD/@vite/client:1034
[ 4958494ms] [ERROR] WebSocket connection to 'ws://localhost:5173/MFD/' failed: Error in connection establishment: net::ERR_CONNECTION_REFUSED @ http://localhost:5173/MFD/@vite/client:1034
[ 4963815ms] [ERROR] WebSocket connection to 'ws://localhost:5173/MFD/' failed: Error in connection establishment: net::ERR_CONNECTION_REFUSED @ http://localhost:5173/MFD/@vite/client:1034
[ 4968818ms] [ERROR] WebSocket connection to 'ws://localhost:5173/MFD/' failed: Error in connection establishment: net::ERR_CONNECTION_REFUSED @ http://localhost:5173/MFD/@vite/client:1034
[ 4973872ms] [ERROR] WebSocket connection to 'ws://localhost:5173/MFD/' failed: Error in connection establishment: net::ERR_CONNECTION_REFUSED @ http://localhost:5173/MFD/@vite/client:1034
[ 4979494ms] [ERROR] WebSocket connection to 'ws://localhost:5173/MFD/' failed: Error in connection establishment: net::ERR_CONNECTION_REFUSED @ http://localhost:5173/MFD/@vite/client:1034
[ 4982261ms] [ERROR] WebSocket connection to 'ws://localhost:5173/MFD/' failed: Error in connection establishment: net::ERR_CONNECTION_REFUSED @ http://localhost:5173/MFD/@vite/client:1034
[ 4984480ms] [ERROR] WebSocket connection to 'ws://localhost:5173/MFD/' failed: Error in connection establishment: net::ERR_CONNECTION_REFUSED @ http://localhost:5173/MFD/@vite/client:1034
[ 4989130ms] [ERROR] WebSocket connection to 'ws://localhost:5173/MFD/' failed: Error in connection establishment: net::ERR_CONNECTION_REFUSED @ http://localhost:5173/MFD/@vite/client:1034
[ 4991638ms] [ERROR] WebSocket connection to 'ws://localhost:5173/MFD/' failed: Error in connection establishment: net::ERR_CONNECTION_REFUSED @ http://localhost:5173/MFD/@vite/client:1034
[ 4994813ms] [ERROR] WebSocket connection to 'ws://localhost:5173/MFD/' failed: Error in connection establishment: net::ERR_CONNECTION_REFUSED @ http://localhost:5173/MFD/@vite/client:1034
[ 4998005ms] [ERROR] WebSocket connection to 'ws://localhost:5173/MFD/' failed: Error in connection establishment: net::ERR_CONNECTION_REFUSED @ http://localhost:5173/MFD/@vite/client:1034
[ 5003034ms] [ERROR] WebSocket connection to 'ws://localhost:5173/MFD/' failed: Error in connection establishment: net::ERR_CONNECTION_REFUSED @ http://localhost:5173/MFD/@vite/client:1034
[ 5005147ms] [ERROR] WebSocket connection to 'ws://localhost:5173/MFD/' failed: Error in connection establishment: net::ERR_CONNECTION_REFUSED @ http://localhost:5173/MFD/@vite/client:1034
[ 5009227ms] [ERROR] WebSocket connection to 'ws://localhost:5173/MFD/' failed: Error in connection establishment: net::ERR_CONNECTION_REFUSED @ http://localhost:5173/MFD/@vite/client:1034
[ 5012401ms] [ERROR] WebSocket connection to 'ws://localhost:5173/MFD/' failed: Error in connection establishment: net::ERR_CONNECTION_REFUSED @ http://localhost:5173/MFD/@vite/client:1034
[ 5017041ms] [ERROR] WebSocket connection to 'ws://localhost:5173/MFD/' failed: Error in connection establishment: net::ERR_CONNECTION_REFUSED @ http://localhost:5173/MFD/@vite/client:1034
[ 5021639ms] [ERROR] WebSocket connection to 'ws://localhost:5173/MFD/' failed: Error in connection establishment: net::ERR_CONNECTION_REFUSED @ http://localhost:5173/MFD/@vite/client:1034
[ 5022643ms] [ERROR] WebSocket connection to 'ws://localhost:5173/MFD/' failed: Error in connection establishment: net::ERR_CONNECTION_REFUSED @ http://localhost:5173/MFD/@vite/client:1034
[ 5023647ms] [ERROR] WebSocket connection to 'ws://localhost:5173/MFD/' failed: Error in connection establishment: net::ERR_CONNECTION_REFUSED @ http://localhost:5173/MFD/@vite/client:1034
[ 5024649ms] [ERROR] WebSocket connection to 'ws://localhost:5173/MFD/' failed: Error in connection establishment: net::ERR_CONNECTION_REFUSED @ http://localhost:5173/MFD/@vite/client:1034
[ 5025652ms] [ERROR] WebSocket connection to 'ws://localhost:5173/MFD/' failed: Error in connection establishment: net::ERR_CONNECTION_REFUSED @ http://localhost:5173/MFD/@vite/client:1034
[ 5026655ms] [ERROR] WebSocket connection to 'ws://localhost:5173/MFD/' failed: Error in connection establishment: net::ERR_CONNECTION_REFUSED @ http://localhost:5173/MFD/@vite/client:1034
[ 5027662ms] [ERROR] WebSocket connection to 'ws://localhost:5173/MFD/' failed: Error in connection establishment: net::ERR_CONNECTION_REFUSED @ http://localhost:5173/MFD/@vite/client:1034
[ 5028678ms] [ERROR] WebSocket connection to 'ws://localhost:5173/MFD/' failed: Error in connection establishment: net::ERR_CONNECTION_REFUSED @ http://localhost:5173/MFD/@vite/client:1034
[ 5029697ms] [ERROR] WebSocket connection to 'ws://localhost:5173/MFD/' failed: Error in connection establishment: net::ERR_CONNECTION_REFUSED @ http://localhost:5173/MFD/@vite/client:1034
[ 5030730ms] [ERROR] WebSocket connection to 'ws://localhost:5173/MFD/' failed: Error in connection establishment: net::ERR_CONNECTION_REFUSED @ http://localhost:5173/MFD/@vite/client:1034
[ 5031771ms] [ERROR] WebSocket connection to 'ws://localhost:5173/MFD/' failed: Error in connection establishment: net::ERR_CONNECTION_REFUSED @ http://localhost:5173/MFD/@vite/client:1034
[ 5032843ms] [ERROR] WebSocket connection to 'ws://localhost:5173/MFD/' failed: Error in connection establishment: net::ERR_CONNECTION_REFUSED @ http://localhost:5173/MFD/@vite/client:1034
[ 5033964ms] [ERROR] WebSocket connection to 'ws://localhost:5173/MFD/' failed: Error in connection establishment: net::ERR_CONNECTION_REFUSED @ http://localhost:5173/MFD/@vite/client:1034
[ 5035296ms] [ERROR] WebSocket connection to 'ws://localhost:5173/MFD/' failed: Error in connection establishment: net::ERR_CONNECTION_REFUSED @ http://localhost:5173/MFD/@vite/client:1034
[ 5037046ms] [ERROR] WebSocket connection to 'ws://localhost:5173/MFD/' failed: Error in connection establishment: net::ERR_CONNECTION_REFUSED @ http://localhost:5173/MFD/@vite/client:1034
[ 5038854ms] [ERROR] WebSocket connection to 'ws://localhost:5173/MFD/' failed: Error in connection establishment: net::ERR_CONNECTION_REFUSED @ http://localhost:5173/MFD/@vite/client:1034
[ 5042771ms] [ERROR] WebSocket connection to 'ws://localhost:5173/MFD/' failed: Error in connection establishment: net::ERR_CONNECTION_REFUSED @ http://localhost:5173/MFD/@vite/client:1034
[ 5045590ms] [ERROR] WebSocket connection to 'ws://localhost:5173/MFD/' failed: Error in connection establishment: net::ERR_CONNECTION_REFUSED @ http://localhost:5173/MFD/@vite/client:1034
[ 5050238ms] [ERROR] WebSocket connection to 'ws://localhost:5173/MFD/' failed: Error in connection establishment: net::ERR_CONNECTION_REFUSED @ http://localhost:5173/MFD/@vite/client:1034
[ 5054747ms] [ERROR] WebSocket connection to 'ws://localhost:5173/MFD/' failed: Error in connection establishment: net::ERR_CONNECTION_REFUSED @ http://localhost:5173/MFD/@vite/client:1034
[ 5058213ms] [ERROR] WebSocket connection to 'ws://localhost:5173/MFD/' failed: Error in connection establishment: net::ERR_CONNECTION_REFUSED @ http://localhost:5173/MFD/@vite/client:1034
[ 5062130ms] [ERROR] WebSocket connection to 'ws://localhost:5173/MFD/' failed: Error in connection establishment: net::ERR_CONNECTION_REFUSED @ http://localhost:5173/MFD/@vite/client:1034
[ 5065721ms] [ERROR] WebSocket connection to 'ws://localhost:5173/MFD/' failed: Error in connection establishment: net::ERR_CONNECTION_REFUSED @ http://localhost:5173/MFD/@vite/client:1034
[ 5070280ms] [ERROR] WebSocket connection to 'ws://localhost:5173/MFD/' failed: Error in connection establishment: net::ERR_CONNECTION_REFUSED @ http://localhost:5173/MFD/@vite/client:1034
[ 5075337ms] [ERROR] WebSocket connection to 'ws://localhost:5173/MFD/' failed: Error in connection establishment: net::ERR_CONNECTION_REFUSED @ http://localhost:5173/MFD/@vite/client:1034
[ 5081310ms] [ERROR] WebSocket connection to 'ws://localhost:5173/MFD/' failed: Error in connection establishment: net::ERR_CONNECTION_REFUSED @ http://localhost:5173/MFD/@vite/client:1034
[ 5086999ms] [ERROR] WebSocket connection to 'ws://localhost:5173/MFD/' failed: Error in connection establishment: net::ERR_CONNECTION_REFUSED @ http://localhost:5173/MFD/@vite/client:1034
[ 5090651ms] [ERROR] WebSocket connection to 'ws://localhost:5173/MFD/' failed: Error in connection establishment: net::ERR_CONNECTION_REFUSED @ http://localhost:5173/MFD/@vite/client:1034
[ 5092893ms] [ERROR] WebSocket connection to 'ws://localhost:5173/MFD/' failed: Error in connection establishment: net::ERR_CONNECTION_REFUSED @ http://localhost:5173/MFD/@vite/client:1034
[ 5094998ms] [ERROR] WebSocket connection to 'ws://localhost:5173/MFD/' failed: Error in connection establishment: net::ERR_CONNECTION_REFUSED @ http://localhost:5173/MFD/@vite/client:1034
[ 5099813ms] [ERROR] WebSocket connection to 'ws://localhost:5173/MFD/' failed: Error in connection establishment: net::ERR_CONNECTION_REFUSED @ http://localhost:5173/MFD/@vite/client:1034
[ 5102126ms] [ERROR] WebSocket connection to 'ws://localhost:5173/MFD/' failed: Error in connection establishment: net::ERR_CONNECTION_REFUSED @ http://localhost:5173/MFD/@vite/client:1034
[ 5106576ms] [ERROR] WebSocket connection to 'ws://localhost:5173/MFD/' failed: Error in connection establishment: net::ERR_CONNECTION_REFUSED @ http://localhost:5173/MFD/@vite/client:1034
[ 5108946ms] [ERROR] WebSocket connection to 'ws://localhost:5173/MFD/' failed: Error in connection establishment: net::ERR_CONNECTION_REFUSED @ http://localhost:5173/MFD/@vite/client:1034
[ 5112196ms] [ERROR] WebSocket connection to 'ws://localhost:5173/MFD/' failed: Error in connection establishment: net::ERR_CONNECTION_REFUSED @ http://localhost:5173/MFD/@vite/client:1034
[ 5114654ms] [ERROR] WebSocket connection to 'ws://localhost:5173/MFD/' failed: Error in connection establishment: net::ERR_CONNECTION_REFUSED @ http://localhost:5173/MFD/@vite/client:1034
[ 5116961ms] [ERROR] WebSocket connection to 'ws://localhost:5173/MFD/' failed: Error in connection establishment: net::ERR_CONNECTION_REFUSED @ http://localhost:5173/MFD/@vite/client:1034
[ 5119362ms] [ERROR] WebSocket connection to 'ws://localhost:5173/MFD/' failed: Error in connection establishment: net::ERR_CONNECTION_REFUSED @ http://localhost:5173/MFD/@vite/client:1034
[ 5124196ms] [ERROR] WebSocket connection to 'ws://localhost:5173/MFD/' failed: Error in connection establishment: net::ERR_CONNECTION_REFUSED @ http://localhost:5173/MFD/@vite/client:1034
[ 5127695ms] [ERROR] WebSocket connection to 'ws://localhost:5173/MFD/' failed: Error in connection establishment: net::ERR_CONNECTION_REFUSED @ http://localhost:5173/MFD/@vite/client:1034
[ 5131703ms] [ERROR] WebSocket connection to 'ws://localhost:5173/MFD/' failed: Error in connection establishment: net::ERR_CONNECTION_REFUSED @ http://localhost:5173/MFD/@vite/client:1034
[ 5136991ms] [ERROR] WebSocket connection to 'ws://localhost:5173/MFD/' failed: Error in connection establishment: net::ERR_CONNECTION_REFUSED @ http://localhost:5173/MFD/@vite/client:1034
[ 5139115ms] [ERROR] WebSocket connection to 'ws://localhost:5173/MFD/' failed: Error in connection establishment: net::ERR_CONNECTION_REFUSED @ http://localhost:5173/MFD/@vite/client:1034
[ 5143537ms] [ERROR] WebSocket connection to 'ws://localhost:5173/MFD/' failed: Error in connection establishment: net::ERR_CONNECTION_REFUSED @ http://localhost:5173/MFD/@vite/client:1034
[ 5148787ms] [ERROR] WebSocket connection to 'ws://localhost:5173/MFD/' failed: Error in connection establishment: net::ERR_CONNECTION_REFUSED @ http://localhost:5173/MFD/@vite/client:1034
[ 5153412ms] [ERROR] WebSocket connection to 'ws://localhost:5173/MFD/' failed: Error in connection establishment: net::ERR_CONNECTION_REFUSED @ http://localhost:5173/MFD/@vite/client:1034
[ 5155590ms] [ERROR] WebSocket connection to 'ws://localhost:5173/MFD/' failed: Error in connection establishment: net::ERR_CONNECTION_REFUSED @ http://localhost:5173/MFD/@vite/client:1034
[ 5161028ms] [ERROR] WebSocket connection to 'ws://localhost:5173/MFD/' failed: Error in connection establishment: net::ERR_CONNECTION_REFUSED @ http://localhost:5173/MFD/@vite/client:1034
[ 5163439ms] [ERROR] WebSocket connection to 'ws://localhost:5173/MFD/' failed: Error in connection establishment: net::ERR_CONNECTION_REFUSED @ http://localhost:5173/MFD/@vite/client:1034
[ 5168182ms] [ERROR] WebSocket connection to 'ws://localhost:5173/MFD/' failed: Error in connection establishment: net::ERR_CONNECTION_REFUSED @ http://localhost:5173/MFD/@vite/client:1034
[ 5174006ms] [ERROR] WebSocket connection to 'ws://localhost:5173/MFD/' failed: Error in connection establishment: net::ERR_CONNECTION_REFUSED @ http://localhost:5173/MFD/@vite/client:1034
[ 5176539ms] [ERROR] WebSocket connection to 'ws://localhost:5173/MFD/' failed: Error in connection establishment: net::ERR_CONNECTION_REFUSED @ http://localhost:5173/MFD/@vite/client:1034
[ 5181702ms] [ERROR] WebSocket connection to 'ws://localhost:5173/MFD/' failed: Error in connection establishment: net::ERR_CONNECTION_REFUSED @ http://localhost:5173/MFD/@vite/client:1034
[ 5186512ms] [ERROR] WebSocket connection to 'ws://localhost:5173/MFD/' failed: Error in connection establishment: net::ERR_CONNECTION_REFUSED @ http://localhost:5173/MFD/@vite/client:1034
[ 5191525ms] [ERROR] WebSocket connection to 'ws://localhost:5173/MFD/' failed: Error in connection establishment: net::ERR_CONNECTION_REFUSED @ http://localhost:5173/MFD/@vite/client:1034
[ 5195169ms] [ERROR] WebSocket connection to 'ws://localhost:5173/MFD/' failed: Error in connection establishment: net::ERR_CONNECTION_REFUSED @ http://localhost:5173/MFD/@vite/client:1034
[ 5199931ms] [ERROR] WebSocket connection to 'ws://localhost:5173/MFD/' failed: Error in connection establishment: net::ERR_CONNECTION_REFUSED @ http://localhost:5173/MFD/@vite/client:1034
[ 5204786ms] [ERROR] WebSocket connection to 'ws://localhost:5173/MFD/' failed: Error in connection establishment: net::ERR_CONNECTION_REFUSED @ http://localhost:5173/MFD/@vite/client:1034
[ 5206939ms] [ERROR] WebSocket connection to 'ws://localhost:5173/MFD/' failed: Error in connection establishment: net::ERR_CONNECTION_REFUSED @ http://localhost:5173/MFD/@vite/client:1034
[ 5210286ms] [ERROR] WebSocket connection to 'ws://localhost:5173/MFD/' failed: Error in connection establishment: net::ERR_CONNECTION_REFUSED @ http://localhost:5173/MFD/@vite/client:1034
[ 5215887ms] [ERROR] WebSocket connection to 'ws://localhost:5173/MFD/' failed: Error in connection establishment: net::ERR_CONNECTION_REFUSED @ http://localhost:5173/MFD/@vite/client:1034
[ 5218974ms] [ERROR] WebSocket connection to 'ws://localhost:5173/MFD/' failed: Error in connection establishment: net::ERR_CONNECTION_REFUSED @ http://localhost:5173/MFD/@vite/client:1034
[ 5221365ms] [ERROR] WebSocket connection to 'ws://localhost:5173/MFD/' failed: Error in connection establishment: net::ERR_CONNECTION_REFUSED @ http://localhost:5173/MFD/@vite/client:1034
[ 5225395ms] [ERROR] WebSocket connection to 'ws://localhost:5173/MFD/' failed: Error in connection establishment: net::ERR_CONNECTION_REFUSED @ http://localhost:5173/MFD/@vite/client:1034
[ 5228613ms] [ERROR] WebSocket connection to 'ws://localhost:5173/MFD/' failed: Error in connection establishment: net::ERR_CONNECTION_REFUSED @ http://localhost:5173/MFD/@vite/client:1034
[ 5233961ms] [ERROR] WebSocket connection to 'ws://localhost:5173/MFD/' failed: Error in connection establishment: net::ERR_CONNECTION_REFUSED @ http://localhost:5173/MFD/@vite/client:1034
[ 5236064ms] [ERROR] WebSocket connection to 'ws://localhost:5173/MFD/' failed: Error in connection establishment: net::ERR_CONNECTION_REFUSED @ http://localhost:5173/MFD/@vite/client:1034
[ 5240928ms] [ERROR] WebSocket connection to 'ws://localhost:5173/MFD/' failed: Error in connection establishment: net::ERR_CONNECTION_REFUSED @ http://localhost:5173/MFD/@vite/client:1034
[ 5244369ms] [ERROR] WebSocket connection to 'ws://localhost:5173/MFD/' failed: Error in connection establishment: net::ERR_CONNECTION_REFUSED @ http://localhost:5173/MFD/@vite/client:1034
[ 5248724ms] [ERROR] WebSocket connection to 'ws://localhost:5173/MFD/' failed: Error in connection establishment: net::ERR_CONNECTION_REFUSED @ http://localhost:5173/MFD/@vite/client:1034
[ 5250986ms] [ERROR] WebSocket connection to 'ws://localhost:5173/MFD/' failed: Error in connection establishment: net::ERR_CONNECTION_REFUSED @ http://localhost:5173/MFD/@vite/client:1034
[ 5254724ms] [ERROR] WebSocket connection to 'ws://localhost:5173/MFD/' failed: Error in connection establishment: net::ERR_CONNECTION_REFUSED @ http://localhost:5173/MFD/@vite/client:1034
[ 5259285ms] [ERROR] WebSocket connection to 'ws://localhost:5173/MFD/' failed: Error in connection establishment: net::ERR_CONNECTION_REFUSED @ http://localhost:5173/MFD/@vite/client:1034
[ 5264485ms] [ERROR] WebSocket connection to 'ws://localhost:5173/MFD/' failed: Error in connection establishment: net::ERR_CONNECTION_REFUSED @ http://localhost:5173/MFD/@vite/client:1034
[ 5266752ms] [ERROR] WebSocket connection to 'ws://localhost:5173/MFD/' failed: Error in connection establishment: net::ERR_CONNECTION_REFUSED @ http://localhost:5173/MFD/@vite/client:1034
[ 5269619ms] [ERROR] WebSocket connection to 'ws://localhost:5173/MFD/' failed: Error in connection establishment: net::ERR_CONNECTION_REFUSED @ http://localhost:5173/MFD/@vite/client:1034
[ 5272902ms] [ERROR] WebSocket connection to 'ws://localhost:5173/MFD/' failed: Error in connection establishment: net::ERR_CONNECTION_REFUSED @ http://localhost:5173/MFD/@vite/client:1034
[ 5275578ms] [ERROR] WebSocket connection to 'ws://localhost:5173/MFD/' failed: Error in connection establishment: net::ERR_CONNECTION_REFUSED @ http://localhost:5173/MFD/@vite/client:1034
[ 5279572ms] [ERROR] WebSocket connection to 'ws://localhost:5173/MFD/' failed: Error in connection establishment: net::ERR_CONNECTION_REFUSED @ http://localhost:5173/MFD/@vite/client:1034
[ 5283078ms] [ERROR] WebSocket connection to 'ws://localhost:5173/MFD/' failed: Error in connection establishment: net::ERR_CONNECTION_REFUSED @ http://localhost:5173/MFD/@vite/client:1034
[ 5288361ms] [ERROR] WebSocket connection to 'ws://localhost:5173/MFD/' failed: Error in connection establishment: net::ERR_CONNECTION_REFUSED @ http://localhost:5173/MFD/@vite/client:1034
[ 5294360ms] [ERROR] WebSocket connection to 'ws://localhost:5173/MFD/' failed: Error in connection establishment: net::ERR_CONNECTION_REFUSED @ http://localhost:5173/MFD/@vite/client:1034
[ 5298261ms] [ERROR] WebSocket connection to 'ws://localhost:5173/MFD/' failed: Error in connection establishment: net::ERR_CONNECTION_REFUSED @ http://localhost:5173/MFD/@vite/client:1034
[ 5301252ms] [ERROR] WebSocket connection to 'ws://localhost:5173/MFD/' failed: Error in connection establishment: net::ERR_CONNECTION_REFUSED @ http://localhost:5173/MFD/@vite/client:1034
[ 5307002ms] [ERROR] WebSocket connection to 'ws://localhost:5173/MFD/' failed: Error in connection establishment: net::ERR_CONNECTION_REFUSED @ http://localhost:5173/MFD/@vite/client:1034
[ 5310997ms] [ERROR] WebSocket connection to 'ws://localhost:5173/MFD/' failed: Error in connection establishment: net::ERR_CONNECTION_REFUSED @ http://localhost:5173/MFD/@vite/client:1034
[ 5314884ms] [ERROR] WebSocket connection to 'ws://localhost:5173/MFD/' failed: Error in connection establishment: net::ERR_CONNECTION_REFUSED @ http://localhost:5173/MFD/@vite/client:1034
[ 5318485ms] [ERROR] WebSocket connection to 'ws://localhost:5173/MFD/' failed: Error in connection establishment: net::ERR_CONNECTION_REFUSED @ http://localhost:5173/MFD/@vite/client:1034
[ 5323370ms] [ERROR] WebSocket connection to 'ws://localhost:5173/MFD/' failed: Error in connection establishment: net::ERR_CONNECTION_REFUSED @ http://localhost:5173/MFD/@vite/client:1034
[ 5328879ms] [ERROR] WebSocket connection to 'ws://localhost:5173/MFD/' failed: Error in connection establishment: net::ERR_CONNECTION_REFUSED @ http://localhost:5173/MFD/@vite/client:1034
[ 5332468ms] [ERROR] WebSocket connection to 'ws://localhost:5173/MFD/' failed: Error in connection establishment: net::ERR_CONNECTION_REFUSED @ http://localhost:5173/MFD/@vite/client:1034
[ 5338377ms] [ERROR] WebSocket connection to 'ws://localhost:5173/MFD/' failed: Error in connection establishment: net::ERR_CONNECTION_REFUSED @ http://localhost:5173/MFD/@vite/client:1034
[ 5343023ms] [ERROR] WebSocket connection to 'ws://localhost:5173/MFD/' failed: Error in connection establishment: net::ERR_CONNECTION_REFUSED @ http://localhost:5173/MFD/@vite/client:1034
[ 5348377ms] [ERROR] WebSocket connection to 'ws://localhost:5173/MFD/' failed: Error in connection establishment: net::ERR_CONNECTION_REFUSED @ http://localhost:5173/MFD/@vite/client:1034
[ 5351960ms] [ERROR] WebSocket connection to 'ws://localhost:5173/MFD/' failed: Error in connection establishment: net::ERR_CONNECTION_REFUSED @ http://localhost:5173/MFD/@vite/client:1034
[ 5356956ms] [ERROR] WebSocket connection to 'ws://localhost:5173/MFD/' failed: Error in connection establishment: net::ERR_CONNECTION_REFUSED @ http://localhost:5173/MFD/@vite/client:1034
[ 5359333ms] [ERROR] WebSocket connection to 'ws://localhost:5173/MFD/' failed: Error in connection establishment: net::ERR_CONNECTION_REFUSED @ http://localhost:5173/MFD/@vite/client:1034
[ 5364407ms] [ERROR] WebSocket connection to 'ws://localhost:5173/MFD/' failed: Error in connection establishment: net::ERR_CONNECTION_REFUSED @ http://localhost:5173/MFD/@vite/client:1034
[ 5369546ms] [ERROR] WebSocket connection to 'ws://localhost:5173/MFD/' failed: Error in connection establishment: net::ERR_CONNECTION_REFUSED @ http://localhost:5173/MFD/@vite/client:1034
[ 5372229ms] [ERROR] WebSocket connection to 'ws://localhost:5173/MFD/' failed: Error in connection establishment: net::ERR_CONNECTION_REFUSED @ http://localhost:5173/MFD/@vite/client:1034
[ 5374820ms] [ERROR] WebSocket connection to 'ws://localhost:5173/MFD/' failed: Error in connection establishment: net::ERR_CONNECTION_REFUSED @ http://localhost:5173/MFD/@vite/client:1034
[ 5380200ms] [ERROR] WebSocket connection to 'ws://localhost:5173/MFD/' failed: Error in connection establishment: net::ERR_CONNECTION_REFUSED @ http://localhost:5173/MFD/@vite/client:1034
[ 5385392ms] [ERROR] WebSocket connection to 'ws://localhost:5173/MFD/' failed: Error in connection establishment: net::ERR_CONNECTION_REFUSED @ http://localhost:5173/MFD/@vite/client:1034
[ 5391189ms] [ERROR] WebSocket connection to 'ws://localhost:5173/MFD/' failed: Error in connection establishment: net::ERR_CONNECTION_REFUSED @ http://localhost:5173/MFD/@vite/client:1034
[ 5393359ms] [ERROR] WebSocket connection to 'ws://localhost:5173/MFD/' failed: Error in connection establishment: net::ERR_CONNECTION_REFUSED @ http://localhost:5173/MFD/@vite/client:1034
[ 5396831ms] [ERROR] WebSocket connection to 'ws://localhost:5173/MFD/' failed: Error in connection establishment: net::ERR_CONNECTION_REFUSED @ http://localhost:5173/MFD/@vite/client:1034
[ 5402500ms] [ERROR] WebSocket connection to 'ws://localhost:5173/MFD/' failed: Error in connection establishment: net::ERR_CONNECTION_REFUSED @ http://localhost:5173/MFD/@vite/client:1034
[ 5406934ms] [ERROR] WebSocket connection to 'ws://localhost:5173/MFD/' failed: Error in connection establishment: net::ERR_CONNECTION_REFUSED @ http://localhost:5173/MFD/@vite/client:1034
[ 5410976ms] [ERROR] WebSocket connection to 'ws://localhost:5173/MFD/' failed: Error in connection establishment: net::ERR_CONNECTION_REFUSED @ http://localhost:5173/MFD/@vite/client:1034
[ 5414638ms] [ERROR] WebSocket connection to 'ws://localhost:5173/MFD/' failed: Error in connection establishment: net::ERR_CONNECTION_REFUSED @ http://localhost:5173/MFD/@vite/client:1034
[ 5420388ms] [ERROR] WebSocket connection to 'ws://localhost:5173/MFD/' failed: Error in connection establishment: net::ERR_CONNECTION_REFUSED @ http://localhost:5173/MFD/@vite/client:1034
[ 5424676ms] [ERROR] WebSocket connection to 'ws://localhost:5173/MFD/' failed: Error in connection establishment: net::ERR_CONNECTION_REFUSED @ http://localhost:5173/MFD/@vite/client:1034
[ 5428867ms] [ERROR] WebSocket connection to 'ws://localhost:5173/MFD/' failed: Error in connection establishment: net::ERR_CONNECTION_REFUSED @ http://localhost:5173/MFD/@vite/client:1034
[ 5432913ms] [ERROR] WebSocket connection to 'ws://localhost:5173/MFD/' failed: Error in connection establishment: net::ERR_CONNECTION_REFUSED @ http://localhost:5173/MFD/@vite/client:1034
[ 5436778ms] [ERROR] WebSocket connection to 'ws://localhost:5173/MFD/' failed: Error in connection establishment: net::ERR_CONNECTION_REFUSED @ http://localhost:5173/MFD/@vite/client:1034
[ 5441859ms] [ERROR] WebSocket connection to 'ws://localhost:5173/MFD/' failed: Error in connection establishment: net::ERR_CONNECTION_REFUSED @ http://localhost:5173/MFD/@vite/client:1034
[ 5445022ms] [ERROR] WebSocket connection to 'ws://localhost:5173/MFD/' failed: Error in connection establishment: net::ERR_CONNECTION_REFUSED @ http://localhost:5173/MFD/@vite/client:1034
[ 5449850ms] [ERROR] WebSocket connection to 'ws://localhost:5173/MFD/' failed: Error in connection establishment: net::ERR_CONNECTION_REFUSED @ http://localhost:5173/MFD/@vite/client:1034
[ 5455777ms] [ERROR] WebSocket connection to 'ws://localhost:5173/MFD/' failed: Error in connection establishment: net::ERR_CONNECTION_REFUSED @ http://localhost:5173/MFD/@vite/client:1034
[ 5460003ms] [ERROR] WebSocket connection to 'ws://localhost:5173/MFD/' failed: Error in connection establishment: net::ERR_CONNECTION_REFUSED @ http://localhost:5173/MFD/@vite/client:1034
[ 5464153ms] [ERROR] WebSocket connection to 'ws://localhost:5173/MFD/' failed: Error in connection establishment: net::ERR_CONNECTION_REFUSED @ http://localhost:5173/MFD/@vite/client:1034
[ 5469026ms] [ERROR] WebSocket connection to 'ws://localhost:5173/MFD/' failed: Error in connection establishment: net::ERR_CONNECTION_REFUSED @ http://localhost:5173/MFD/@vite/client:1034
[ 5473855ms] [ERROR] WebSocket connection to 'ws://localhost:5173/MFD/' failed: Error in connection establishment: net::ERR_CONNECTION_REFUSED @ http://localhost:5173/MFD/@vite/client:1034
[ 5476053ms] [ERROR] WebSocket connection to 'ws://localhost:5173/MFD/' failed: Error in connection establishment: net::ERR_CONNECTION_REFUSED @ http://localhost:5173/MFD/@vite/client:1034
[ 5481783ms] [ERROR] WebSocket connection to 'ws://localhost:5173/MFD/' failed: Error in connection establishment: net::ERR_CONNECTION_REFUSED @ http://localhost:5173/MFD/@vite/client:1034
[ 5487633ms] [ERROR] WebSocket connection to 'ws://localhost:5173/MFD/' failed: Error in connection establishment: net::ERR_CONNECTION_REFUSED @ http://localhost:5173/MFD/@vite/client:1034
[ 5491208ms] [ERROR] WebSocket connection to 'ws://localhost:5173/MFD/' failed: Error in connection establishment: net::ERR_CONNECTION_REFUSED @ http://localhost:5173/MFD/@vite/client:1034
[ 5493250ms] [ERROR] WebSocket connection to 'ws://localhost:5173/MFD/' failed: Error in connection establishment: net::ERR_CONNECTION_REFUSED @ http://localhost:5173/MFD/@vite/client:1034
[ 5495567ms] [ERROR] WebSocket connection to 'ws://localhost:5173/MFD/' failed: Error in connection establishment: net::ERR_CONNECTION_REFUSED @ http://localhost:5173/MFD/@vite/client:1034
[ 5499278ms] [ERROR] WebSocket connection to 'ws://localhost:5173/MFD/' failed: Error in connection establishment: net::ERR_CONNECTION_REFUSED @ http://localhost:5173/MFD/@vite/client:1034
[ 5503483ms] [ERROR] WebSocket connection to 'ws://localhost:5173/MFD/' failed: Error in connection establishment: net::ERR_CONNECTION_REFUSED @ http://localhost:5173/MFD/@vite/client:1034
[ 5506888ms] [ERROR] WebSocket connection to 'ws://localhost:5173/MFD/' failed: Error in connection establishment: net::ERR_CONNECTION_REFUSED @ http://localhost:5173/MFD/@vite/client:1034
[ 5510303ms] [ERROR] WebSocket connection to 'ws://localhost:5173/MFD/' failed: Error in connection establishment: net::ERR_CONNECTION_REFUSED @ http://localhost:5173/MFD/@vite/client:1034
[ 5512741ms] [ERROR] WebSocket connection to 'ws://localhost:5173/MFD/' failed: Error in connection establishment: net::ERR_CONNECTION_REFUSED @ http://localhost:5173/MFD/@vite/client:1034
[ 5516691ms] [ERROR] WebSocket connection to 'ws://localhost:5173/MFD/' failed: Error in connection establishment: net::ERR_CONNECTION_REFUSED @ http://localhost:5173/MFD/@vite/client:1034
[ 5519385ms] [ERROR] WebSocket connection to 'ws://localhost:5173/MFD/' failed: Error in connection establishment: net::ERR_CONNECTION_REFUSED @ http://localhost:5173/MFD/@vite/client:1034
[ 5522399ms] [ERROR] WebSocket connection to 'ws://localhost:5173/MFD/' failed: Error in connection establishment: net::ERR_CONNECTION_REFUSED @ http://localhost:5173/MFD/@vite/client:1034
[ 5525325ms] [ERROR] WebSocket connection to 'ws://localhost:5173/MFD/' failed: Error in connection establishment: net::ERR_CONNECTION_REFUSED @ http://localhost:5173/MFD/@vite/client:1034
[ 5530925ms] [ERROR] WebSocket connection to 'ws://localhost:5173/MFD/' failed: Error in connection establishment: net::ERR_CONNECTION_REFUSED @ http://localhost:5173/MFD/@vite/client:1034
[ 5533529ms] [ERROR] WebSocket connection to 'ws://localhost:5173/MFD/' failed: Error in connection establishment: net::ERR_CONNECTION_REFUSED @ http://localhost:5173/MFD/@vite/client:1034
[ 5538660ms] [ERROR] WebSocket connection to 'ws://localhost:5173/MFD/' failed: Error in connection establishment: net::ERR_CONNECTION_REFUSED @ http://localhost:5173/MFD/@vite/client:1034
[ 5544495ms] [ERROR] WebSocket connection to 'ws://localhost:5173/MFD/' failed: Error in connection establishment: net::ERR_CONNECTION_REFUSED @ http://localhost:5173/MFD/@vite/client:1034
[ 5549699ms] [ERROR] WebSocket connection to 'ws://localhost:5173/MFD/' failed: Error in connection establishment: net::ERR_CONNECTION_REFUSED @ http://localhost:5173/MFD/@vite/client:1034
[ 5553982ms] [ERROR] WebSocket connection to 'ws://localhost:5173/MFD/' failed: Error in connection establishment: net::ERR_CONNECTION_REFUSED @ http://localhost:5173/MFD/@vite/client:1034
[ 5557682ms] [ERROR] WebSocket connection to 'ws://localhost:5173/MFD/' failed: Error in connection establishment: net::ERR_CONNECTION_REFUSED @ http://localhost:5173/MFD/@vite/client:1034
[ 5562958ms] [ERROR] WebSocket connection to 'ws://localhost:5173/MFD/' failed: Error in connection establishment: net::ERR_CONNECTION_REFUSED @ http://localhost:5173/MFD/@vite/client:1034
[ 5566569ms] [ERROR] WebSocket connection to 'ws://localhost:5173/MFD/' failed: Error in connection establishment: net::ERR_CONNECTION_REFUSED @ http://localhost:5173/MFD/@vite/client:1034
[ 5570342ms] [ERROR] WebSocket connection to 'ws://localhost:5173/MFD/' failed: Error in connection establishment: net::ERR_CONNECTION_REFUSED @ http://localhost:5173/MFD/@vite/client:1034
[ 5575390ms] [ERROR] WebSocket connection to 'ws://localhost:5173/MFD/' failed: Error in connection establishment: net::ERR_CONNECTION_REFUSED @ http://localhost:5173/MFD/@vite/client:1034
[ 5578524ms] [ERROR] WebSocket connection to 'ws://localhost:5173/MFD/' failed: Error in connection establishment: net::ERR_CONNECTION_REFUSED @ http://localhost:5173/MFD/@vite/client:1034
[ 5580609ms] [ERROR] WebSocket connection to 'ws://localhost:5173/MFD/' failed: Error in connection establishment: net::ERR_CONNECTION_REFUSED @ http://localhost:5173/MFD/@vite/client:1034
[ 5585195ms] [ERROR] WebSocket connection to 'ws://localhost:5173/MFD/' failed: Error in connection establishment: net::ERR_CONNECTION_REFUSED @ http://localhost:5173/MFD/@vite/client:1034
[ 5588359ms] [ERROR] WebSocket connection to 'ws://localhost:5173/MFD/' failed: Error in connection establishment: net::ERR_CONNECTION_REFUSED @ http://localhost:5173/MFD/@vite/client:1034
[ 5590455ms] [ERROR] WebSocket connection to 'ws://localhost:5173/MFD/' failed: Error in connection establishment: net::ERR_CONNECTION_REFUSED @ http://localhost:5173/MFD/@vite/client:1034
[ 5593064ms] [ERROR] WebSocket connection to 'ws://localhost:5173/MFD/' failed: Error in connection establishment: net::ERR_CONNECTION_REFUSED @ http://localhost:5173/MFD/@vite/client:1034
[ 5596911ms] [ERROR] WebSocket connection to 'ws://localhost:5173/MFD/' failed: Error in connection establishment: net::ERR_CONNECTION_REFUSED @ http://localhost:5173/MFD/@vite/client:1034
[ 5602609ms] [ERROR] WebSocket connection to 'ws://localhost:5173/MFD/' failed: Error in connection establishment: net::ERR_CONNECTION_REFUSED @ http://localhost:5173/MFD/@vite/client:1034
[ 5607257ms] [ERROR] WebSocket connection to 'ws://localhost:5173/MFD/' failed: Error in connection establishment: net::ERR_CONNECTION_REFUSED @ http://localhost:5173/MFD/@vite/client:1034
[ 5611601ms] [ERROR] WebSocket connection to 'ws://localhost:5173/MFD/' failed: Error in connection establishment: net::ERR_CONNECTION_REFUSED @ http://localhost:5173/MFD/@vite/client:1034
[ 5616776ms] [ERROR] WebSocket connection to 'ws://localhost:5173/MFD/' failed: Error in connection establishment: net::ERR_CONNECTION_REFUSED @ http://localhost:5173/MFD/@vite/client:1034
[ 5619943ms] [ERROR] WebSocket connection to 'ws://localhost:5173/MFD/' failed: Error in connection establishment: net::ERR_CONNECTION_REFUSED @ http://localhost:5173/MFD/@vite/client:1034
[ 5625015ms] [ERROR] WebSocket connection to 'ws://localhost:5173/MFD/' failed: Error in connection establishment: net::ERR_CONNECTION_REFUSED @ http://localhost:5173/MFD/@vite/client:1034
[ 5627543ms] [ERROR] WebSocket connection to 'ws://localhost:5173/MFD/' failed: Error in connection establishment: net::ERR_CONNECTION_REFUSED @ http://localhost:5173/MFD/@vite/client:1034
[ 5631991ms] [ERROR] WebSocket connection to 'ws://localhost:5173/MFD/' failed: Error in connection establishment: net::ERR_CONNECTION_REFUSED @ http://localhost:5173/MFD/@vite/client:1034
[ 5634899ms] [ERROR] WebSocket connection to 'ws://localhost:5173/MFD/' failed: Error in connection establishment: net::ERR_CONNECTION_REFUSED @ http://localhost:5173/MFD/@vite/client:1034
[ 5636949ms] [ERROR] WebSocket connection to 'ws://localhost:5173/MFD/' failed: Error in connection establishment: net::ERR_CONNECTION_REFUSED @ http://localhost:5173/MFD/@vite/client:1034
[ 5639219ms] [ERROR] WebSocket connection to 'ws://localhost:5173/MFD/' failed: Error in connection establishment: net::ERR_CONNECTION_REFUSED @ http://localhost:5173/MFD/@vite/client:1034
[ 5642111ms] [ERROR] WebSocket connection to 'ws://localhost:5173/MFD/' failed: Error in connection establishment: net::ERR_CONNECTION_REFUSED @ http://localhost:5173/MFD/@vite/client:1034
[ 5647213ms] [ERROR] WebSocket connection to 'ws://localhost:5173/MFD/' failed: Error in connection establishment: net::ERR_CONNECTION_REFUSED @ http://localhost:5173/MFD/@vite/client:1034
[ 5651469ms] [ERROR] WebSocket connection to 'ws://localhost:5173/MFD/' failed: Error in connection establishment: net::ERR_CONNECTION_REFUSED @ http://localhost:5173/MFD/@vite/client:1034
[ 5656111ms] [ERROR] WebSocket connection to 'ws://localhost:5173/MFD/' failed: Error in connection establishment: net::ERR_CONNECTION_REFUSED @ http://localhost:5173/MFD/@vite/client:1034
[ 5659961ms] [ERROR] WebSocket connection to 'ws://localhost:5173/MFD/' failed: Error in connection establishment: net::ERR_CONNECTION_REFUSED @ http://localhost:5173/MFD/@vite/client:1034
[ 5664844ms] [ERROR] WebSocket connection to 'ws://localhost:5173/MFD/' failed: Error in connection establishment: net::ERR_CONNECTION_REFUSED @ http://localhost:5173/MFD/@vite/client:1034
[ 5670535ms] [ERROR] WebSocket connection to 'ws://localhost:5173/MFD/' failed: Error in connection establishment: net::ERR_CONNECTION_REFUSED @ http://localhost:5173/MFD/@vite/client:1034
[ 5672638ms] [ERROR] WebSocket connection to 'ws://localhost:5173/MFD/' failed: Error in connection establishment: net::ERR_CONNECTION_REFUSED @ http://localhost:5173/MFD/@vite/client:1034
[ 5677593ms] [ERROR] WebSocket connection to 'ws://localhost:5173/MFD/' failed: Error in connection establishment: net::ERR_CONNECTION_REFUSED @ http://localhost:5173/MFD/@vite/client:1034
[ 5680924ms] [ERROR] WebSocket connection to 'ws://localhost:5173/MFD/' failed: Error in connection establishment: net::ERR_CONNECTION_REFUSED @ http://localhost:5173/MFD/@vite/client:1034
[ 5683570ms] [ERROR] WebSocket connection to 'ws://localhost:5173/MFD/' failed: Error in connection establishment: net::ERR_CONNECTION_REFUSED @ http://localhost:5173/MFD/@vite/client:1034
[ 5685735ms] [ERROR] WebSocket connection to 'ws://localhost:5173/MFD/' failed: Error in connection establishment: net::ERR_CONNECTION_REFUSED @ http://localhost:5173/MFD/@vite/client:1034
[ 5688152ms] [ERROR] WebSocket connection to 'ws://localhost:5173/MFD/' failed: Error in connection establishment: net::ERR_CONNECTION_REFUSED @ http://localhost:5173/MFD/@vite/client:1034
[ 5694024ms] [ERROR] WebSocket connection to 'ws://localhost:5173/MFD/' failed: Error in connection establishment: net::ERR_CONNECTION_REFUSED @ http://localhost:5173/MFD/@vite/client:1034
[ 5699106ms] [ERROR] WebSocket connection to 'ws://localhost:5173/MFD/' failed: Error in connection establishment: net::ERR_CONNECTION_REFUSED @ http://localhost:5173/MFD/@vite/client:1034
[ 5701715ms] [ERROR] WebSocket connection to 'ws://localhost:5173/MFD/' failed: Error in connection establishment: net::ERR_CONNECTION_REFUSED @ http://localhost:5173/MFD/@vite/client:1034
[ 5705154ms] [ERROR] WebSocket connection to 'ws://localhost:5173/MFD/' failed: Error in connection establishment: net::ERR_CONNECTION_REFUSED @ http://localhost:5173/MFD/@vite/client:1034
[ 5711011ms] [ERROR] WebSocket connection to 'ws://localhost:5173/MFD/' failed: Error in connection establishment: net::ERR_CONNECTION_REFUSED @ http://localhost:5173/MFD/@vite/client:1034
[ 5714452ms] [ERROR] WebSocket connection to 'ws://localhost:5173/MFD/' failed: Error in connection establishment: net::ERR_CONNECTION_REFUSED @ http://localhost:5173/MFD/@vite/client:1034
[ 5718611ms] [ERROR] WebSocket connection to 'ws://localhost:5173/MFD/' failed: Error in connection establishment: net::ERR_CONNECTION_REFUSED @ http://localhost:5173/MFD/@vite/client:1034
[ 5721663ms] [ERROR] WebSocket connection to 'ws://localhost:5173/MFD/' failed: Error in connection establishment: net::ERR_CONNECTION_REFUSED @ http://localhost:5173/MFD/@vite/client:1034
[ 5724877ms] [ERROR] WebSocket connection to 'ws://localhost:5173/MFD/' failed: Error in connection establishment: net::ERR_CONNECTION_REFUSED @ http://localhost:5173/MFD/@vite/client:1034
[ 5729948ms] [ERROR] WebSocket connection to 'ws://localhost:5173/MFD/' failed: Error in connection establishment: net::ERR_CONNECTION_REFUSED @ http://localhost:5173/MFD/@vite/client:1034
[ 5733118ms] [ERROR] WebSocket connection to 'ws://localhost:5173/MFD/' failed: Error in connection establishment: net::ERR_CONNECTION_REFUSED @ http://localhost:5173/MFD/@vite/client:1034
[ 5736861ms] [ERROR] WebSocket connection to 'ws://localhost:5173/MFD/' failed: Error in connection establishment: net::ERR_CONNECTION_REFUSED @ http://localhost:5173/MFD/@vite/client:1034
[ 5739352ms] [ERROR] WebSocket connection to 'ws://localhost:5173/MFD/' failed: Error in connection establishment: net::ERR_CONNECTION_REFUSED @ http://localhost:5173/MFD/@vite/client:1034
[ 5744657ms] [ERROR] WebSocket connection to 'ws://localhost:5173/MFD/' failed: Error in connection establishment: net::ERR_CONNECTION_REFUSED @ http://localhost:5173/MFD/@vite/client:1034
[ 5748407ms] [ERROR] WebSocket connection to 'ws://localhost:5173/MFD/' failed: Error in connection establishment: net::ERR_CONNECTION_REFUSED @ http://localhost:5173/MFD/@vite/client:1034
[ 5752444ms] [ERROR] WebSocket connection to 'ws://localhost:5173/MFD/' failed: Error in connection establishment: net::ERR_CONNECTION_REFUSED @ http://localhost:5173/MFD/@vite/client:1034
[ 5756554ms] [ERROR] WebSocket connection to 'ws://localhost:5173/MFD/' failed: Error in connection establishment: net::ERR_CONNECTION_REFUSED @ http://localhost:5173/MFD/@vite/client:1034
[ 5759277ms] [ERROR] WebSocket connection to 'ws://localhost:5173/MFD/' failed: Error in connection establishment: net::ERR_CONNECTION_REFUSED @ http://localhost:5173/MFD/@vite/client:1034
[ 5764177ms] [ERROR] WebSocket connection to 'ws://localhost:5173/MFD/' failed: Error in connection establishment: net::ERR_CONNECTION_REFUSED @ http://localhost:5173/MFD/@vite/client:1034
[ 5768514ms] [ERROR] WebSocket connection to 'ws://localhost:5173/MFD/' failed: Error in connection establishment: net::ERR_CONNECTION_REFUSED @ http://localhost:5173/MFD/@vite/client:1034
[ 5771668ms] [ERROR] WebSocket connection to 'ws://localhost:5173/MFD/' failed: Error in connection establishment: net::ERR_CONNECTION_REFUSED @ http://localhost:5173/MFD/@vite/client:1034
[ 5776927ms] [ERROR] WebSocket connection to 'ws://localhost:5173/MFD/' failed: Error in connection establishment: net::ERR_CONNECTION_REFUSED @ http://localhost:5173/MFD/@vite/client:1034
[ 5781726ms] [ERROR] WebSocket connection to 'ws://localhost:5173/MFD/' failed: Error in connection establishment: net::ERR_CONNECTION_REFUSED @ http://localhost:5173/MFD/@vite/client:1034
